record_id,model_kind,cell_id,method_id,publication_label,data_seed,model_seed,weak_auc_gap,weak_rescue_score,beta_first_hit_delay,beta_first_hit_delay_status,final_both_weak_response,strong_response_auc,final_strong_response,absolute_strong_response_auc_difference_from_erm,absolute_final_strong_response_difference_from_erm,diagnostic_status,target_attainment_fraction,feasibility_fraction,cap_binding_fraction,max_absolute_strong_drift_change,paired_wall_time_ratio_to_erm,process_peak_rss_bytes,static_parameter_bytes,cuda_status
esb-erm-rho4_lag2-d301-m3010,tanh,rho4_lag2,erm,ERM,301,3010,24.072176025551745,-24.072176025551745,,right_censored,0.090055845677852631,12.104631625092587,1.6011940240859985,0,0,N/A,N/A,N/A,N/A,N/A,1,412434432,17152,N/A
esb-erm-rho4_lag2-d301-m3011,tanh,rho4_lag2,erm,ERM,301,3011,25.2378172357101,-25.2378172357101,,right_censored,0.13181954622268677,11.833071641763672,1.5753251314163208,0,0,N/A,N/A,N/A,N/A,N/A,1,410173440,17152,N/A
esb-erm-rho4_lag2-d301-m3012,tanh,rho4_lag2,erm,ERM,301,3012,25.011091579194179,-25.011091579194179,,right_censored,0.11750520765781403,12.096485627628862,1.5930228233337402,0,0,N/A,N/A,N/A,N/A,N/A,1,412712960,17152,N/A
esb-erm-rho4_lag2-d301-m3013,tanh,rho4_lag2,erm,ERM,301,3013,25.532591358991336,-25.532591358991336,,right_censored,0.12596328556537628,11.955671331938357,1.5805732011795044,0,0,N/A,N/A,N/A,N/A,N/A,1,404111360,17152,N/A
esb-erm-rho4_lag2-d301-m3014,tanh,rho4_lag2,erm,ERM,301,3014,24.995612731756413,-24.995612731756413,,right_censored,0.11333493143320084,11.937486491445451,1.5791012048721313,0,0,N/A,N/A,N/A,N/A,N/A,1,404684800,17152,N/A
esb-erm-rho4_lag2-d301-m3015,tanh,rho4_lag2,erm,ERM,301,3015,26.493405500077643,-26.493405500077643,,right_censored,0.1082741767168045,12.146810387447477,1.5990967750549316,0,0,N/A,N/A,N/A,N/A,N/A,1,406192128,17152,N/A
esb-erm-rho4_lag2-d301-m3016,tanh,rho4_lag2,erm,ERM,301,3016,22.290478429384528,-22.290478429384528,,right_censored,0.07974398136138916,12.04346933751367,1.594633936882019,0,0,N/A,N/A,N/A,N/A,N/A,1,396328960,17152,N/A
esb-erm-rho4_lag2-d301-m3017,tanh,rho4_lag2,erm,ERM,301,3017,24.091558776143941,-24.091558776143941,,right_censored,0.12918515503406525,11.967482238449154,1.5919235944747925,0,0,N/A,N/A,N/A,N/A,N/A,1,413270016,17152,N/A
esb-erm-rho4_lag2-d302-m3010,tanh,rho4_lag2,erm,ERM,302,3010,24.046225364366549,-24.046225364366549,,right_censored,0.093130946159362793,12.218101704283615,1.6195075511932373,0,0,N/A,N/A,N/A,N/A,N/A,1,377307136,17152,N/A
esb-erm-rho4_lag2-d302-m3011,tanh,rho4_lag2,erm,ERM,302,3011,25.211502928985283,-25.211502928985283,,right_censored,0.13609492778778076,11.943066130345688,1.5933411121368408,0,0,N/A,N/A,N/A,N/A,N/A,1,401784832,17152,N/A
esb-erm-rho4_lag2-d302-m3012,tanh,rho4_lag2,erm,ERM,302,3012,24.986733856657519,-24.986733856657519,,right_censored,0.12113691866397858,12.210223769582807,1.6112062931060791,0,0,N/A,N/A,N/A,N/A,N/A,1,393445376,17152,N/A
esb-erm-rho4_lag2-d302-m3013,tanh,rho4_lag2,erm,ERM,302,3013,25.508184842439366,-25.508184842439366,,right_censored,0.12974883615970612,12.068455108907074,1.5987756252288818,0,0,N/A,N/A,N/A,N/A,N/A,1,421855232,17152,N/A
esb-erm-rho4_lag2-d302-m3014,tanh,rho4_lag2,erm,ERM,302,3014,24.971574308571867,-24.971574308571867,,right_censored,0.11673595756292343,12.050459597352891,1.5974193811416626,0,0,N/A,N/A,N/A,N/A,N/A,1,396574720,17152,N/A
esb-erm-rho4_lag2-d302-m3015,tanh,rho4_lag2,erm,ERM,302,3015,26.469682131777517,-26.469682131777517,,right_censored,0.11230868101119995,12.26005759947002,1.6171984672546387,0,0,N/A,N/A,N/A,N/A,N/A,1,400195584,17152,N/A
esb-erm-rho4_lag2-d302-m3016,tanh,rho4_lag2,erm,ERM,302,3016,22.256221762765197,-22.256221762765197,,right_censored,0.082749523222446442,12.157126017054543,1.6130672693252563,0,0,N/A,N/A,N/A,N/A,N/A,1,402800640,17152,N/A
esb-erm-rho4_lag2-d302-m3017,tanh,rho4_lag2,erm,ERM,302,3017,24.060718131996691,-24.060718131996691,,right_censored,0.13321192562580109,12.077052051131613,1.6098576784133911,0,0,N/A,N/A,N/A,N/A,N/A,1,409305088,17152,N/A
esb-erm-rho4_lag2-d303-m3010,tanh,rho4_lag2,erm,ERM,303,3010,24.05041269354988,-24.05041269354988,,right_censored,0.093906812369823456,12.191266535944305,1.6153836250305176,0,0,N/A,N/A,N/A,N/A,N/A,1,388218880,17152,N/A
esb-erm-rho4_lag2-d303-m3011,tanh,rho4_lag2,erm,ERM,303,3011,25.183748581400138,-25.183748581400138,,right_censored,0.13725078105926514,11.915073784766719,1.5890100002288818,0,0,N/A,N/A,N/A,N/A,N/A,1,375734272,17152,N/A
esb-erm-rho4_lag2-d303-m3012,tanh,rho4_lag2,erm,ERM,303,3012,24.968615835625677,-24.968615835625677,,right_censored,0.12197669595479965,12.182543309219181,1.6069998741149902,0,0,N/A,N/A,N/A,N/A,N/A,1,395018240,17152,N/A
esb-erm-rho4_lag2-d303-m3013,tanh,rho4_lag2,erm,ERM,303,3013,25.486300495825709,-25.486300495825709,,right_censored,0.13059306144714355,12.040808016341179,1.5945498943328857,0,0,N/A,N/A,N/A,N/A,N/A,1,393232384,17152,N/A
esb-erm-rho4_lag2-d303-m3014,tanh,rho4_lag2,erm,ERM,303,3014,24.957680078857813,-24.957680078857813,,right_censored,0.11766332387924194,12.022651284746825,1.5931185483932495,0,0,N/A,N/A,N/A,N/A,N/A,1,405520384,17152,N/A
esb-erm-rho4_lag2-d303-m3015,tanh,rho4_lag2,erm,ERM,303,3015,26.436404030420814,-26.436404030420814,,right_censored,0.11327431350946426,12.232678968086837,1.6130161285400391,0,0,N/A,N/A,N/A,N/A,N/A,1,398819328,17152,N/A
esb-erm-rho4_lag2-d303-m3016,tanh,rho4_lag2,erm,ERM,303,3016,22.29759877240285,-22.29759877240285,,right_censored,0.083523102104663849,12.130583600094543,1.608952522277832,0,0,N/A,N/A,N/A,N/A,N/A,1,376176640,17152,N/A
esb-erm-rho4_lag2-d303-m3017,tanh,rho4_lag2,erm,ERM,303,3017,24.061839066538958,-24.061839066538958,,right_censored,0.13409361243247986,12.050109978299588,1.6056656837463379,0,0,N/A,N/A,N/A,N/A,N/A,1,405913600,17152,N/A
esb-erm-rho4_lag2-d304-m3010,tanh,rho4_lag2,erm,ERM,304,3010,24.047456501005215,-24.047456501005215,,right_censored,0.093419626355171204,12.211183096817694,1.6184754371643066,0,0,N/A,N/A,N/A,N/A,N/A,1,402276352,17152,N/A
esb-erm-rho4_lag2-d304-m3011,tanh,rho4_lag2,erm,ERM,304,3011,25.20490378239192,-25.20490378239192,,right_censored,0.13650485873222351,11.935765753267333,1.5922383069992065,0,0,N/A,N/A,N/A,N/A,N/A,1,383909888,17152,N/A
esb-erm-rho4_lag2-d304-m3012,tanh,rho4_lag2,erm,ERM,304,3012,24.982557744299996,-24.982557744299996,,right_censored,0.12145374715328217,12.203041728772224,1.6101442575454712,0,0,N/A,N/A,N/A,N/A,N/A,1,407633920,17152,N/A
esb-erm-rho4_lag2-d304-m3013,tanh,rho4_lag2,erm,ERM,304,3013,25.503189099719748,-25.503189099719748,,right_censored,0.13006988167762756,12.061260133702309,1.5977048873901367,0,0,N/A,N/A,N/A,N/A,N/A,1,399835136,17152,N/A
esb-erm-rho4_lag2-d304-m3014,tanh,rho4_lag2,erm,ERM,304,3014,24.968476501520488,-24.968476501520488,,right_censored,0.11706960201263428,12.04325010208413,1.5963325500488281,0,0,N/A,N/A,N/A,N/A,N/A,1,382255104,17152,N/A
esb-erm-rho4_lag2-d304-m3015,tanh,rho4_lag2,erm,ERM,304,3015,26.46191850707401,-26.46191850707401,,right_censored,0.11267480999231339,12.252963144704701,1.616144061088562,0,0,N/A,N/A,N/A,N/A,N/A,1,410632192,17152,N/A
esb-erm-rho4_lag2-d304-m3016,tanh,rho4_lag2,erm,ERM,304,3016,22.266302872332744,-22.266302872332744,,right_censored,0.083037801086902618,12.150292495405303,1.6120398044586182,0,0,N/A,N/A,N/A,N/A,N/A,1,408780800,17152,N/A
esb-erm-rho4_lag2-d304-m3017,tanh,rho4_lag2,erm,ERM,304,3017,24.061112738423979,-24.061112738423979,,right_censored,0.13354586064815521,12.070051687886007,1.6087958812713623,0,0,N/A,N/A,N/A,N/A,N/A,1,409387008,17152,N/A
esb-counterfactual_drift-rho4_lag2-d301-m3010,tanh,rho4_lag2,counterfactual_drift,CDC,301,3010,0.0014822978526353836,-0.0014822978526353836,-4.8823711357393051e-05,finite,4.8545498847961426,10.455014266050421,1.2086427211761475,1.6496173590421659,0.39255130290985107,available,1,1,0,5.9604644775390625e-08,1.5025687887658066,373866496,17152,N/A
esb-counterfactual_drift-rho4_lag2-d301-m3011,tanh,rho4_lag2,counterfactual_drift,CDC,301,3011,-0.00020617409609258169,-0.00020617409609258169,-0.00011121432286476107,finite,4.8574929237365723,9.9171491190325476,1.1455575227737427,1.9159225227311243,0.42976760864257812,available,1,1,0,1.1920928955078125e-07,1.4878546126312782,407060480,17152,N/A
esb-counterfactual_drift-rho4_lag2-d301-m3012,tanh,rho4_lag2,counterfactual_drift,CDC,301,3012,0.00083401030860841263,-0.00083401030860841263,-6.6339310930363382e-05,finite,4.884645938873291,10.315251102484762,1.1838431358337402,1.7812345251441002,0.4091796875,available,1,1,0,1.1920928955078125e-07,1.6027069646454701,388628480,17152,N/A
esb-counterfactual_drift-rho4_lag2-d301-m3013,tanh,rho4_lag2,counterfactual_drift,CDC,301,3013,0.0013601922895759343,-0.0013601922895759343,8.3482941182211334e-07,finite,4.9729881286621094,10.157823506649583,1.1670963764190674,1.7978478252887733,0.41347682476043701,available,1,1,0,1.1920928955078125e-07,1.5884583837724728,384794624,17152,N/A
esb-counterfactual_drift-rho4_lag2-d301-m3014,tanh,rho4_lag2,counterfactual_drift,CDC,301,3014,-0.0034205075877252965,-0.0034205075877252965,-0.00073412354106716649,finite,4.9263796806335449,10.143800893891601,1.1654300689697266,1.7936855975538499,0.41367113590240479,available,1,1,0,5.9604644775390625e-08,1.8596618532062525,377176064,17152,N/A
esb-counterfactual_drift-rho4_lag2-d301-m3015,tanh,rho4_lag2,counterfactual_drift,CDC,301,3015,0.0020067892270162701,-0.0020067892270162701,-3.2813338801673808e-07,finite,5.033266544342041,10.241804062947631,1.1697903871536255,1.9050063244998459,0.42930638790130615,available,1,1,0,1.1920928955078125e-07,2.1766446943400455,347422720,17152,N/A
esb-counterfactual_drift-rho4_lag2-d301-m3016,tanh,rho4_lag2,counterfactual_drift,CDC,301,3016,-0.00045747375115752221,-0.00045747375115752221,-3.5481936814463211e-05,finite,4.6986775398254395,10.574400057410822,1.2290413379669189,1.4690692801028487,0.3655925989151001,available,1,1,0,1.1920928955078125e-07,2.1637471475268701,384008192,17152,N/A
esb-counterfactual_drift-rho4_lag2-d301-m3017,tanh,rho4_lag2,counterfactual_drift,CDC,301,3017,-0.0084476298652589321,-0.0084476298652589321,-0.0014673923830108571,finite,4.8341913223266602,10.274134588427842,1.1912403106689453,1.6933476500213125,0.40068328380584717,available,1,1,0,5.9604644775390625e-08,1.8489678713582103,365035520,17152,N/A
esb-counterfactual_drift-rho4_lag2-d302-m3010,tanh,rho4_lag2,counterfactual_drift,CDC,302,3010,0.0014890550635755062,-0.0014890550635755062,-4.7146637112138734e-05,finite,4.8613300323486328,10.544013087055646,1.2202616930007935,1.6740886172279694,0.39924585819244385,available,1,1,0,1.1920928955078125e-07,1.2678127534976262,393822208,17152,N/A
esb-counterfactual_drift-rho4_lag2-d302-m3011,tanh,rho4_lag2,counterfactual_drift,CDC,302,3011,-0.00020843935199081902,-0.00020843935199081902,-0.00011368111573295536,finite,4.8642635345458984,9.9982723244931542,1.1561975479125977,1.9447938058525338,0.43714356422424316,available,1,1,0,1.1920928955078125e-07,1.2971954916113368,387989504,17152,N/A
esb-counterfactual_drift-rho4_lag2-d302-m3012,tanh,rho4_lag2,counterfactual_drift,CDC,302,3012,0.00082415065262466682,-0.00082415065262466682,-6.9537973686806254e-05,finite,4.8915767669677734,10.402290108241139,1.1950337886810303,1.8079336613416679,0.41617250442504883,available,1,1,0,1.1920928955078125e-07,1.4442059632039881,385974272,17152,N/A
esb-counterfactual_drift-rho4_lag2-d302-m3013,tanh,rho4_lag2,counterfactual_drift,CDC,302,3013,0.0013597857672721148,-0.0013597857672721148,-1.2137331317774169e-07,finite,4.9801054000854492,10.243329252209513,1.1781386137008667,1.8251258566975608,0.42063701152801514,available,1,1,0,1.1920928955078125e-07,1.6317666960357922,398606336,17152,N/A
esb-counterfactual_drift-rho4_lag2-d302-m3014,tanh,rho4_lag2,counterfactual_drift,CDC,302,3014,-0.0034613484574947504,-0.0034613484574947504,-0.00075006343215866522,finite,4.9334268569946289,10.230648082587869,1.1767637729644775,1.8198115147650213,0.42065560817718506,available,1,1,0,1.1920928955078125e-07,1.4771535497655028,397737984,17152,N/A
esb-counterfactual_drift-rho4_lag2-d302-m3015,tanh,rho4_lag2,counterfactual_drift,CDC,302,3015,0.0020067281555384399,-0.0020067281555384399,-1.4222312185729891e-06,finite,5.0406045913696289,10.326699388958513,1.1806224584579468,1.933358210511507,0.43657600879669189,available,1,1,0,1.1920928955078125e-07,1.4400661741229852,387088384,17152,N/A
esb-counterfactual_drift-rho4_lag2-d302-m3016,tanh,rho4_lag2,counterfactual_drift,CDC,302,3016,-0.00046146544627845282,-0.00046146544627845282,-3.7005842226989216e-05,finite,4.7042856216430664,10.667689665360378,1.2414340972900391,1.4894363516941649,0.37163317203521729,available,1,1,0,5.9604644775390625e-08,1.6911442562417622,390250496,17152,N/A
esb-counterfactual_drift-rho4_lag2-d302-m3017,tanh,rho4_lag2,counterfactual_drift,CDC,302,3017,-0.0085436415858566768,-0.0085436415858566768,-0.0015019717350885919,finite,4.8406481742858887,10.359484495152721,1.2025165557861328,1.7175675559788921,0.4073411226272583,available,1,1,0,1.1920928955078125e-07,1.4049383115397676,399556608,17152,N/A
esb-counterfactual_drift-rho4_lag2-d303-m3010,tanh,rho4_lag2,counterfactual_drift,CDC,303,3010,0.0014872916042804715,-0.0014872916042804715,-4.939695088301832e-05,finite,4.8300328254699707,10.491227794229053,1.2128465175628662,1.700038741715252,0.40253710746765137,available,1,1,0,1.1920928955078125e-07,1.4230192912794555,387956736,17152,N/A
esb-counterfactual_drift-rho4_lag2-d303-m3011,tanh,rho4_lag2,counterfactual_drift,CDC,303,3011,-0.00020154328085482124,-0.00020154328085482124,-0.00011067216831506244,finite,4.8332300186157227,9.9438844304066158,1.1487362384796143,1.9711893543601029,0.44027376174926758,available,1,1,0,1.1920928955078125e-07,1.486709672145949,398409728,17152,N/A
esb-counterfactual_drift-rho4_lag2-d303-m3012,tanh,rho4_lag2,counterfactual_drift,CDC,303,3012,0.0008323866408318281,-0.0008323866408318281,-7.0080726673804605e-05,finite,4.8597288131713867,10.349101584590972,1.1877498626708984,1.8334417246282086,0.4192500114440918,available,1,1,0,1.1920928955078125e-07,1.9553187268682573,389873664,17152,N/A
esb-counterfactual_drift-rho4_lag2-d303-m3013,tanh,rho4_lag2,counterfactual_drift,CDC,303,3013,0.0013583914376795289,-0.0013583914376795289,-1.6544320362577025e-06,finite,4.947321891784668,10.189989097323268,1.1708436012268066,1.850818919017911,0.4237062931060791,available,1,1,0,1.1920928955078125e-07,2.0348343615536257,390692864,17152,N/A
esb-counterfactual_drift-rho4_lag2-d303-m3014,tanh,rho4_lag2,counterfactual_drift,CDC,303,3014,-0.0034086905769072475,-0.0034086905769072475,-0.0007093517611296285,finite,4.9009809494018555,10.17649075705558,1.169262170791626,1.8461605276912447,0.42385637760162354,available,1,1,0,1.1920928955078125e-07,1.8658580776894633,368590848,17152,N/A
esb-counterfactual_drift-rho4_lag2-d303-m3015,tanh,rho4_lag2,counterfactual_drift,CDC,303,3015,0.0020010283915325999,-0.0020010283915325999,-2.587890506777768e-06,finite,5.0068149566650391,10.273346336930992,1.1734123229980469,1.9593326311558457,0.43960380554199219,available,1,1,0,1.1920928955078125e-07,1.64858410354833,391233536,17152,N/A
esb-counterfactual_drift-rho4_lag2-d303-m3016,tanh,rho4_lag2,counterfactual_drift,CDC,303,3016,-0.00043901070021092894,-0.00043901070021092894,-3.7804343319347566e-05,finite,4.6781787872314453,10.615024448325858,1.2337560653686523,1.5155591517686844,0.37519645690917969,available,1,1,0,1.1920928955078125e-07,1.6355059659436446,391380992,17152,N/A
esb-counterfactual_drift-rho4_lag2-d303-m3017,tanh,rho4_lag2,counterfactual_drift,CDC,303,3017,-0.0083943172823637731,-0.0083943172823637731,-0.0014998855685113277,finite,4.8109097480773926,10.306550262775271,1.1950795650482178,1.7435597155243165,0.41058611869812012,available,1,1,0,1.1920928955078125e-07,1.5629128010394013,388235264,17152,N/A
esb-counterfactual_drift-rho4_lag2-d304-m3010,tanh,rho4_lag2,counterfactual_drift,CDC,304,3010,0.001486177183687687,-0.001486177183687687,-4.9668521200807447e-05,finite,4.8540792465209961,10.530485914251766,1.2183742523193359,1.6806971825659272,0.4001011848449707,available,1,1,0,1.1920928955078125e-07,1.5969305832631311,405258240,17152,N/A
esb-counterfactual_drift-rho4_lag2-d304-m3011,tanh,rho4_lag2,counterfactual_drift,CDC,304,3011,-0.00020833243615925309,-0.00020833243615925309,-0.00011301765198190594,finite,4.8570737838745117,9.9843490689527243,1.1543030738830566,1.9514166843146086,0.4379352331161499,available,1,1,0,5.9604644775390625e-08,1.6076756988728893,388612096,17152,N/A
esb-counterfactual_drift-rho4_lag2-d304-m3012,tanh,rho4_lag2,counterfactual_drift,CDC,304,3012,0.00082577473949640989,-0.00082577473949640989,-6.8796776089286027e-05,finite,4.8841986656188965,10.388653762824832,1.1931800842285156,1.8143879659473914,0.41696417331695557,available,1,1,0,1.1920928955078125e-07,1.6186194480040941,405438464,17152,N/A
esb-counterfactual_drift-rho4_lag2-d304-m3013,tanh,rho4_lag2,counterfactual_drift,CDC,304,3013,0.0013622677884995939,-0.0013622677884995939,-4.15414176835327e-07,finite,4.9725255966186523,10.229662963468581,1.1762824058532715,1.8315971702337279,0.42142248153686523,available,1,1,0,1.1920928955078125e-07,1.7520062721198948,387678208,17152,N/A
esb-counterfactual_drift-rho4_lag2-d304-m3014,tanh,rho4_lag2,counterfactual_drift,CDC,304,3014,-0.0034489966579712931,-0.0034489966579712931,-0.00074043589930417042,finite,4.9259147644042969,10.216786122974009,1.1748576164245605,1.8264639791101214,0.42147493362426758,available,1,1,0,5.9604644775390625e-08,1.8048378901078339,394051584,17152,N/A
esb-counterfactual_drift-rho4_lag2-d304-m3015,tanh,rho4_lag2,counterfactual_drift,CDC,304,3015,0.0020054772961884734,-0.0020054772961884734,-1.88155088354236e-06,finite,5.0327968597412109,10.313059172220528,1.1787921190261841,1.9399039724841725,0.43735194206237793,available,1,1,0,1.1920928955078125e-07,1.9447830281281573,397443072,17152,N/A
esb-counterfactual_drift-rho4_lag2-d304-m3016,tanh,rho4_lag2,counterfactual_drift,CDC,304,3016,-0.00045283010695129633,-0.00045283010695129633,-3.6567915113305816e-05,finite,4.6982498168945312,10.654211783548817,1.2394813299179077,1.4960807118564858,0.37255847454071045,available,1,1,0,1.1920928955078125e-07,1.8908813659599779,398819328,17152,N/A
esb-counterfactual_drift-rho4_lag2-d304-m3017,tanh,rho4_lag2,counterfactual_drift,CDC,304,3017,-0.0085182814626023166,-0.0085182814626023166,-0.0014810034380898784,finite,4.8337669372558594,10.345951949362643,1.2006270885467529,1.7240997385233641,0.40816879272460938,available,1,1,0,1.1920928955078125e-07,1.8746965470750749,385024000,17152,N/A
esb-bloop-rho4_lag2-d301-m3010,tanh,rho4_lag2,bloop,Bloop-style shadow-target rescue,301,3010,0.0042877354659140113,-0.0042877354659140113,3.4998479915504532e-05,finite,4.8540916442871094,6.7283350698417053,0.52982568740844727,5.3762965552508817,1.0713683366775513,available,1,1,0,0.2559545636177063,1.7607141597765039,397639680,17152,N/A
esb-bloop-rho4_lag2-d301-m3011,tanh,rho4_lag2,bloop,Bloop-style shadow-target rescue,301,3011,0.0023243092466145752,-0.0023243092466145752,-2.587710713441993e-05,finite,4.8571100234985352,6.0932412314694373,0.49228328466415405,5.7398304102942346,1.0830418467521667,available,1,1,0,0.25691923499107361,1.479768809195237,397606912,17152,N/A
esb-bloop-rho4_lag2-d301-m3012,tanh,rho4_lag2,bloop,Bloop-style shadow-target rescue,301,3012,0.0036417303141206502,-0.0036417303141206502,7.6685045824476106e-06,finite,4.8842010498046875,6.5048624144867055,0.51800054311752319,5.5916232131421566,1.075022280216217,available,1,1,0,0.25563150644302368,1.7167776429399386,394428416,17152,N/A
esb-bloop-rho4_lag2-d301-m3013,tanh,rho4_lag2,bloop,Bloop-style shadow-target rescue,301,3013,0.0041744391899555923,-0.0041744391899555923,7.367369367550225e-05,finite,4.9725503921508789,6.1843497059307992,0.47385305166244507,5.7713216260075573,1.1067201495170593,available,1,1,0,0.2726573646068573,1.868485153877891,399130624,17152,N/A
esb-bloop-rho4_lag2-d301-m3014,tanh,rho4_lag2,bloop,Bloop-style shadow-target rescue,301,3014,-0.00077411304810084416,-0.00077411304810084416,-0.00065585316817173833,finite,4.92596435546875,6.2033745185472071,0.47106349468231201,5.7341119728982441,1.1080377101898193,available,1,1,0,0.26918601989746094,1.5673547943184334,383254528,17152,N/A
esb-bloop-rho4_lag2-d301-m3015,tanh,rho4_lag2,bloop,Bloop-style shadow-target rescue,301,3015,0.0051862623775377863,-0.0051862623775377863,8.8830756042934667e-05,finite,5.0327844619750977,6.1720954695716497,0.47756943106651306,5.9747149178758274,1.1215273439884186,available,1,1,0,0.2815081775188446,1.5780407261824412,386859008,17152,N/A
esb-bloop-rho4_lag2-d301-m3016,tanh,rho4_lag2,bloop,Bloop-style shadow-target rescue,301,3016,0.0022094493731856344,-0.0022094493731856344,4.4572965002487308e-05,finite,4.698216438293457,6.9136636511888359,0.52505218982696533,5.1298056863248345,1.0695817470550537,available,1,1,0,0.25764724612236023,1.6928827131103197,386498560,17152,N/A
esb-bloop-rho4_lag2-d301-m3017,tanh,rho4_lag2,bloop,Bloop-style shadow-target rescue,301,3017,-0.0051717183087021112,-0.0051717183087021112,-0.0013846605907263942,finite,4.8336668014526367,6.4832059880718589,0.5108376145362854,5.4842762503772953,1.0810859799385071,available,1,1,0,0.25961950421333313,1.3468722241209918,390889472,17152,N/A
esb-bloop-rho4_lag2-d302-m3010,tanh,rho4_lag2,bloop,Bloop-style shadow-target rescue,302,3010,0.0043313314905390138,-0.0043313314905390138,3.24792904526916e-05,finite,4.8608665466308594,6.7469202043255798,0.52730441093444824,5.4711814999580355,1.0922031402587891,available,1,1,0,0.26085224747657776,1.1689461262064202,374767616,17152,N/A
esb-bloop-rho4_lag2-d302-m3011,tanh,rho4_lag2,bloop,Bloop-style shadow-target rescue,302,3011,0.0023592425044625998,-0.0023592425044625998,-2.77529258356779e-05,finite,4.8638725280761719,6.1079121220391235,0.49064546823501587,5.8351540083065645,1.102695643901825,available,1,1,0,0.26145514845848083,1.1247587303031756,379994112,17152,N/A
esb-bloop-rho4_lag2-d302-m3012,tanh,rho4_lag2,bloop,Bloop-style shadow-target rescue,302,3012,0.003668537666089833,-0.003668537666089833,5.0086575003049916e-06,finite,4.8911256790161133,6.5201093571260573,0.51547843217849731,5.69011441245675,1.0957278609275818,available,1,1,0,0.26043698191642761,1.1701644005805047,382861312,17152,N/A
esb-bloop-rho4_lag2-d302-m3013,tanh,rho4_lag2,bloop,Bloop-style shadow-target rescue,302,3013,0.0042187388520687815,-0.0042187388520687815,7.3452930808404204e-05,finite,4.9796595573425293,6.1983299775980409,0.4713892936706543,5.8701251313090328,1.1273863315582275,available,1,1,0,0.27768838405609131,1.2900055199949134,379715584,17152,N/A
esb-bloop-rho4_lag2-d302-m3014,tanh,rho4_lag2,bloop,Bloop-style shadow-target rescue,302,3014,-0.00076927555492147816,-0.00076927555492147816,-0.00067113085555403629,finite,4.9330034255981445,6.2224593718536205,0.4694182276725769,5.8280002254992702,1.1280011534690857,available,1,1,0,0.27406147122383118,1.3062395313501929,391610368,17152,N/A
esb-bloop-rho4_lag2-d302-m3015,tanh,rho4_lag2,bloop,Bloop-style shadow-target rescue,302,3015,0.005231093289330602,-0.005231093289330602,8.8596439272059513e-05,finite,5.0401148796081543,6.1823650287464256,0.47464513778686523,6.0776925707235945,1.1425533294677734,available,1,1,0,0.28665620088577271,1.2891886978290985,381665280,17152,N/A
esb-bloop-rho4_lag2-d302-m3016,tanh,rho4_lag2,bloop,Bloop-style shadow-target rescue,302,3016,0.0022460866719484327,-0.0022460866719484327,4.4021532562776855e-05,finite,4.7038159370422363,6.9441447512712333,0.52403795719146729,5.2129812657833092,1.0890293121337891,available,1,1,0,0.26238498091697693,1.5312831112826895,379764736,17152,N/A
esb-bloop-rho4_lag2-d302-m3017,tanh,rho4_lag2,bloop,Bloop-style shadow-target rescue,302,3017,-0.0052208652719855312,-0.0052208652719855312,-0.0014184767053335712,finite,4.8401145935058594,6.5003184146480635,0.50865668058395386,5.5767336364835494,1.1012009978294373,available,1,1,0,0.26433083415031433,1.3566234463109421,387104768,17152,N/A
esb-bloop-rho4_lag2-d303-m3010,tanh,rho4_lag2,bloop,Bloop-style shadow-target rescue,303,3010,0.0043267521774396304,-0.0043267521774396304,3.2773429983645741e-05,finite,4.8295736312866211,6.6904370924225081,0.52585685253143311,5.5008294435217966,1.0895267724990845,available,1,1,0,0.26098841428756714,1.3529189438265379,385515520,17152,N/A
esb-bloop-rho4_lag2-d303-m3011,tanh,rho4_lag2,bloop,Bloop-style shadow-target rescue,303,3011,0.0023591346107423301,-0.0023591346107423301,-2.6860075578838405e-05,finite,4.8328437805175781,6.0479178566019982,0.48724141716957092,5.8671559281647205,1.1017685830593109,available,1,1,0,0.26192960143089294,1.4363580492697472,383844352,17152,N/A
esb-bloop-rho4_lag2-d303-m3012,tanh,rho4_lag2,bloop,Bloop-style shadow-target rescue,303,3012,0.0036780048161745072,-0.0036780048161745072,7.1427903871601472e-06,finite,4.8592796325683594,6.4659220868721601,0.51387703418731689,5.7166212223470207,1.0931228399276733,available,1,1,0,0.26064956188201904,1.5191260216243223,373080064,17152,N/A
esb-bloop-rho4_lag2-d303-m3013,tanh,rho4_lag2,bloop,Bloop-style shadow-target rescue,303,3013,0.0042153520509600646,-0.0042153520509600646,7.4579951381270604e-05,finite,4.9468798637390137,6.144504320528358,0.47001683712005615,5.8963036958128212,1.1245330572128296,available,1,1,0,0.27785992622375488,1.5683345430471958,401244160,17152,N/A
esb-bloop-rho4_lag2-d303-m3014,tanh,rho4_lag2,bloop,Bloop-style shadow-target rescue,303,3014,-0.00071861038450151706,-0.00071861038450151706,-0.00063239779887203085,finite,4.9005594253540039,6.1619891474023465,0.46666139364242554,5.8606621373444785,1.126457154750824,available,1,1,0,0.27441823482513428,1.509838611067863,383827968,17152,N/A
esb-bloop-rho4_lag2-d303-m3015,tanh,rho4_lag2,bloop,Bloop-style shadow-target rescue,303,3015,0.005224574310705065,-0.005224574310705065,8.4939833630226502e-05,finite,5.0063271522521973,6.1307197634130715,0.47345483303070068,6.1019592046737658,1.1395612955093384,available,1,1,0,0.28685706853866577,1.5806821733986387,384057344,17152,N/A
esb-bloop-rho4_lag2-d303-m3016,tanh,rho4_lag2,bloop,Bloop-style shadow-target rescue,303,3016,0.0022696234285831448,-0.0022696234285831448,4.5342497727141051e-05,finite,4.6777143478393555,6.8758496773894873,0.52049899101257324,5.2547339227050553,1.0884535312652588,available,1,1,0,0.26281073689460754,1.5115045060177295,379437056,17152,N/A
esb-bloop-rho4_lag2-d303-m3017,tanh,rho4_lag2,bloop,Bloop-style shadow-target rescue,303,3017,-0.0050669821910560133,-0.0050669821910560133,-0.0014134818322770748,finite,4.8103795051574707,6.4448039966635395,0.50710117816925049,5.6053059816360484,1.0985645055770874,available,1,1,0,0.26455941796302795,1.5246620037483753,390922240,17152,N/A
esb-bloop-rho4_lag2-d304-m3010,tanh,rho4_lag2,bloop,Bloop-style shadow-target rescue,304,3010,0.0043331876862794157,-0.0043331876862794157,3.4342893925565221e-05,finite,4.8536157608032227,6.7331163074588405,0.5270533561706543,5.4780667893588531,1.0914220809936523,available,1,1,0,0.26082918047904968,1.3709465063072515,390987776,17152,N/A
esb-bloop-rho4_lag2-d304-m3011,tanh,rho4_lag2,bloop,Bloop-style shadow-target rescue,304,3011,0.002357978373765945,-0.002357978373765945,-2.7402385441632759e-05,finite,4.8566837310791016,6.0935753203462806,0.48996222019195557,5.8421904329210523,1.102276086807251,available,1,1,0,0.26147523522377014,1.4207802047973463,411910144,17152,N/A
esb-bloop-rho4_lag2-d304-m3012,tanh,rho4_lag2,bloop,Bloop-style shadow-target rescue,304,3012,0.0036786510143429038,-0.0036786510143429038,5.3806483228946433e-06,finite,4.8837466239929199,6.5069650629535314,0.51519668102264404,5.6960766658186923,1.0949475765228271,available,1,1,0,0.26045474410057068,1.3741629449691319,381386752,17152,N/A
esb-bloop-rho4_lag2-d304-m3013,tanh,rho4_lag2,bloop,Bloop-style shadow-target rescue,304,3013,0.004215997084975243,-0.004215997084975243,7.2761694712042413e-05,finite,4.9720821380615234,6.1852830811403692,0.47115862369537354,5.8759770525619395,1.1265462636947632,available,1,1,0,0.27767258882522583,1.3083716640009626,370311168,17152,N/A
esb-bloop-rho4_lag2-d304-m3014,tanh,rho4_lag2,bloop,Bloop-style shadow-target rescue,304,3014,-0.00075925675919279471,-0.00075925675919279471,-0.00066185826397457959,finite,4.9254922866821289,6.2078551641665403,0.4688664972782135,5.8353949379175898,1.1274660527706146,available,1,1,0,0.27401578426361084,1.3112653140772768,385974272,17152,N/A
esb-bloop-rho4_lag2-d304-m3015,tanh,rho4_lag2,bloop,Bloop-style shadow-target rescue,304,3015,0.0052316454937681549,-0.0052316454937681549,8.779420692128781e-05,finite,5.0323085784912109,6.1699623288586736,0.47447043657302856,6.0830008158460274,1.1416736245155334,available,1,1,0,0.28669154644012451,1.3548046738759423,384516096,17152,N/A
esb-bloop-rho4_lag2-d304-m3016,tanh,rho4_lag2,bloop,Bloop-style shadow-target rescue,304,3016,0.0022496354067698121,-0.0022496354067698121,4.385710227117201e-05,finite,4.6977834701538086,6.9273465074133131,0.52327847480773926,5.2229459879919897,1.0887613296508789,available,1,1,0,0.26244580745697021,1.8765377983315554,392839168,17152,N/A
esb-bloop-rho4_lag2-d304-m3017,tanh,rho4_lag2,bloop,Bloop-style shadow-target rescue,304,3017,-0.0051933844340965154,-0.0051933844340965154,-0.0013979098752554542,finite,4.8332328796386719,6.4867662879871206,0.50837194919586182,5.5832853998988865,1.1004239320755005,available,1,1,0,0.26437166333198547,1.586163809143764,399687680,17152,N/A
esb-pcgrad-rho4_lag2-d301-m3010,tanh,rho4_lag2,pcgrad,PCGrad-style shadow-target rescue,301,3010,0.00072348895482718953,-0.00072348895482718953,-7.7970779678082636e-05,finite,4.8546724319458008,13.018514976254664,1.6802890300750732,0.91388335116207742,0.079095005989074707,available,1,1,0,0.15143434703350067,1.4293233272133556,365674496,17152,N/A
esb-pcgrad-rho4_lag2-d301-m3011,tanh,rho4_lag2,pcgrad,PCGrad-style shadow-target rescue,301,3011,-0.00092562711797654622,-0.00092562711797654622,-0.00013802992910783018,finite,4.85760498046875,12.378432929096743,1.5757772922515869,0.54536128733307088,0.00045216083526611328,available,1,1,0,0.14324226975440979,1.3512459298339425,406667264,17152,N/A
esb-pcgrad-rho4_lag2-d301-m3012,tanh,rho4_lag2,pcgrad,PCGrad-style shadow-target rescue,301,3012,6.3431938178837267e-05,-6.3431938178837267e-05,-9.1951634094922241e-05,finite,4.8847665786743164,12.868317132629455,1.6360069513320923,0.77183150500059305,0.042984127998352051,available,1,1,0,0.14742946624755859,1.4823864475650146,393609216,17152,N/A
esb-pcgrad-rho4_lag2-d301-m3013,tanh,rho4_lag2,pcgrad,PCGrad-style shadow-target rescue,301,3013,0.00063365804962813856,-0.00063365804962813856,-2.4558610912439605e-05,finite,4.9731006622314453,12.717510362062603,1.6159818172454834,0.76183903012424636,0.035408616065979004,available,1,1,0,0.15292826294898987,1.5211033140551165,382763008,17152,N/A
esb-pcgrad-rho4_lag2-d301-m3014,tanh,rho4_lag2,pcgrad,PCGrad-style shadow-target rescue,301,3014,-0.0041858299984596668,-0.0041858299984596668,-0.00076127452734153778,finite,4.9265007972717285,12.752611043024807,1.6288671493530273,0.81512455157935548,0.049765944480895996,available,1,1,0,0.15360811352729797,1.447524255547546,385351680,17152,N/A
esb-pcgrad-rho4_lag2-d301-m3015,tanh,rho4_lag2,pcgrad,PCGrad-style shadow-target rescue,301,3015,0.001161442161537707,-0.001161442161537707,-2.9272365883681317e-05,finite,5.0333952903747559,12.883350181579589,1.6279633045196533,0.73653979413211168,0.02886652946472168,available,1,1,0,0.15891563892364502,1.5118090766730512,388972544,17152,N/A
esb-pcgrad-rho4_lag2-d301-m3016,tanh,rho4_lag2,pcgrad,PCGrad-style shadow-target rescue,301,3016,-0.0012034183368086814,-0.0012034183368086814,-6.5912814536606135e-05,finite,4.6988058090209961,13.083593243872746,1.7054495811462402,1.0401239063590761,0.11081564426422119,available,1,1,0,0.15504562854766846,1.6643401405700886,410501120,17152,N/A
esb-pcgrad-rho4_lag2-d301-m3017,tanh,rho4_lag2,pcgrad,PCGrad-style shadow-target rescue,301,3017,-0.0092717275954782956,-0.0092717275954782956,-0.0014982910816114803,finite,4.8343210220336914,12.947928114421666,1.6728990077972412,0.98044587597251187,0.08097541332244873,available,1,1,0,0.159775510430336,1.4051312594769136,414580736,17152,N/A
esb-pcgrad-rho4_lag2-d302-m3010,tanh,rho4_lag2,pcgrad,PCGrad-style shadow-target rescue,302,3010,0.00072192267980426546,-0.00072192267980426546,-7.4532534068527667e-05,finite,4.8614559173583984,13.111595905735157,1.6937183141708374,0.89349420145154212,0.074210762977600098,available,1,1,0,0.15181039273738861,1.2907565944797474,411090944,17152,N/A
esb-pcgrad-rho4_lag2-d302-m3011,tanh,rho4_lag2,pcgrad,PCGrad-style shadow-target rescue,302,3011,-0.00093115526251494871,-0.00093115526251494871,-0.00014055553558245393,finite,4.8643741607666016,12.464295907272026,1.5880823135375977,0.52122977692633832,0.0052587985992431641,available,1,1,0,0.14359366893768311,1.1859801849683362,400474112,17152,N/A
esb-pcgrad-rho4_lag2-d302-m3012,tanh,rho4_lag2,pcgrad,PCGrad-style shadow-target rescue,302,3012,4.6695978380739678e-05,-4.6695978380739678e-05,-9.5243795332322634e-05,finite,4.8916988372802734,12.960026361234487,1.6489444971084595,0.74980259165167951,0.037738204002380371,available,1,1,0,0.14783833920955658,1.1654535235422951,389152768,17152,N/A
esb-pcgrad-rho4_lag2-d302-m3013,tanh,rho4_lag2,pcgrad,PCGrad-style shadow-target rescue,302,3013,0.00062904930673539632,-0.00062904930673539632,-2.5606991532534096e-05,finite,4.9802188873291016,12.807910672482103,1.628811240196228,0.73945556357502973,0.030035614967346191,available,1,1,0,0.1533050537109375,1.2862603877616718,383778816,17152,N/A
esb-pcgrad-rho4_lag2-d302-m3014,tanh,rho4_lag2,pcgrad,PCGrad-style shadow-target rescue,302,3014,-0.0042270421574357895,-0.0042270421574357895,-0.00077753145130454726,finite,4.9335479736328125,12.8428598173894,1.6417813301086426,0.79240022003650878,0.04436194896697998,available,1,1,0,0.15395230054855347,1.3109482146522839,375291904,17152,N/A
esb-pcgrad-rho4_lag2-d302-m3015,tanh,rho4_lag2,pcgrad,PCGrad-style shadow-target rescue,302,3015,0.0011546276509761808,-0.0011546276509761808,-3.0487322053573962e-05,finite,5.0407357215881348,12.972777331620456,1.6404980421066284,0.71271973215043616,0.023299574851989746,available,1,1,0,0.15929064154624939,1.2697940718959289,387727360,17152,N/A
esb-pcgrad-rho4_lag2-d302-m3016,tanh,rho4_lag2,pcgrad,PCGrad-style shadow-target rescue,302,3016,-0.0012111810036003589,-0.0012111810036003589,-6.7805652141927908e-05,finite,4.7044143676757812,13.178492113342509,1.7193129062652588,1.0213660962879665,0.10624563694000244,available,1,1,0,0.15535540878772736,1.4423821155401002,380583936,17152,N/A
esb-pcgrad-rho4_lag2-d302-m3017,tanh,rho4_lag2,pcgrad,PCGrad-style shadow-target rescue,302,3017,-0.0093753198627382524,-0.0093753198627382524,-0.001533190021867803,finite,4.8407793045043945,13.035718495328911,1.6856744289398193,0.95866644419729852,0.075816750526428223,available,1,1,0,0.16006049513816833,1.3070390109824406,390479872,17152,N/A
esb-pcgrad-rho4_lag2-d303-m3010,tanh,rho4_lag2,pcgrad,PCGrad-style shadow-target rescue,303,3010,0.00072211823426187043,-0.00072211823426187043,-7.736895903587282e-05,finite,4.8301582336425781,13.055313513777218,1.682335376739502,0.8640469778329134,0.066951751708984375,available,1,1,0,0.15143886208534241,1.3339438763425007,412450816,17152,N/A
esb-pcgrad-rho4_lag2-d303-m3011,tanh,rho4_lag2,pcgrad,PCGrad-style shadow-target rescue,303,3011,-0.0009215138852596283,-0.0009215138852596283,-0.00013677936502309862,finite,4.8333406448364258,12.402358272625133,1.5768017768859863,0.48728448785841394,0.012208223342895508,available,1,1,0,0.14319790899753571,1.3895010269217469,379879424,17152,N/A
esb-pcgrad-rho4_lag2-d303-m3012,tanh,rho4_lag2,pcgrad,PCGrad-style shadow-target rescue,303,3012,6.5912678837776168e-05,-6.5912678837776168e-05,-9.64141526944573e-05,finite,4.8598480224609375,12.901431679166855,1.6378657817840576,0.71888836994767402,0.030865907669067383,available,1,1,0,0.14750736951828003,1.4773628219340789,390610944,17152,N/A
esb-pcgrad-rho4_lag2-d303-m3013,tanh,rho4_lag2,pcgrad,PCGrad-style shadow-target rescue,303,3013,0.00063393157906830298,-0.00063393157906830298,-2.7890321765866588e-05,finite,4.9474339485168457,12.748463311512022,1.6176480054855347,0.70765529517084325,0.023098111152648926,available,1,1,0,0.15292827785015106,1.5359461315131235,411795456,17152,N/A
esb-pcgrad-rho4_lag2-d303-m3014,tanh,rho4_lag2,pcgrad,PCGrad-style shadow-target rescue,303,3014,-0.0041674060979858037,-0.0041674060979858037,-0.00073572406276278812,finite,4.9010992050170898,12.783574003539981,1.6304082870483398,0.76092271879315554,0.037289738655090332,available,1,1,0,0.15358369052410126,1.4810842114559264,385974272,17152,N/A
esb-pcgrad-rho4_lag2-d303-m3015,tanh,rho4_lag2,pcgrad,PCGrad-style shadow-target rescue,303,3015,0.001160897151567042,-0.001160897151567042,-3.0698732017331309e-05,finite,5.0069413185119629,12.912302543222903,1.6292850971221924,0.67962357513606619,0.01626896858215332,available,1,1,0,0.15889763832092285,1.5884058499897553,416186368,17152,N/A
esb-pcgrad-rho4_lag2-d303-m3016,tanh,rho4_lag2,pcgrad,PCGrad-style shadow-target rescue,303,3016,-0.0011865103151649237,-0.0011865103151649237,-6.908477903211363e-05,finite,4.6783075332641602,13.128302250942214,1.7084517478942871,0.99771865084767164,0.099499225616455078,available,1,1,0,0.15517297387123108,1.494622805334989,378667008,17152,N/A
esb-pcgrad-rho4_lag2-d303-m3017,tanh,rho4_lag2,pcgrad,PCGrad-style shadow-target rescue,303,3017,-0.0092205492779612545,-0.0092205492779612545,-0.0015317300363131281,finite,4.8110404014587402,12.980096910055728,1.6745537519454956,0.92998693175614022,0.068888068199157715,available,1,1,0,0.15979371964931488,1.4344557015072519,372080640,17152,N/A
esb-pcgrad-rho4_lag2-d304-m3010,tanh,rho4_lag2,pcgrad,PCGrad-style shadow-target rescue,304,3010,0.00072156530804932126,-0.00072156530804932126,-7.8449212208564489e-05,finite,4.8542046546936035,13.09726875757333,1.6908857822418213,0.88608566075563644,0.072410345077514648,available,1,1,0,0.15174615383148193,1.3184314014539349,393445376,17152,N/A
esb-pcgrad-rho4_lag2-d304-m3011,tanh,rho4_lag2,pcgrad,PCGrad-style shadow-target rescue,304,3011,-0.00092900930903851988,-0.00092900930903851988,-0.00013962226144359491,finite,4.8571834564208984,12.44856376419775,1.5852698087692261,0.51279801093041755,0.0069684982299804688,available,1,1,0,0.14350374042987823,1.2771052403087091,384876544,17152,N/A
esb-pcgrad-rho4_lag2-d304-m3012,tanh,rho4_lag2,pcgrad,PCGrad-style shadow-target rescue,304,3012,5.1631173118948953e-05,-5.1631173118948953e-05,-9.4241943510375847e-05,finite,4.8843207359313965,12.945114056207238,1.6461843252182007,0.7420723274350145,0.036040067672729492,available,1,1,0,0.14773623645305634,1.2962578137442795,384368640,17152,N/A
esb-pcgrad-rho4_lag2-d304-m3013,tanh,rho4_lag2,pcgrad,PCGrad-style shadow-target rescue,304,3013,0.00063109374605119228,-0.00063109374605119228,-2.5804086833502993e-05,finite,4.9726386070251465,12.792802905756981,1.6260316371917725,0.73154277205467189,0.028326749801635742,available,1,1,0,0.15324431657791138,1.2714957726007574,402898944,17152,N/A
esb-pcgrad-rho4_lag2-d304-m3014,tanh,rho4_lag2,pcgrad,PCGrad-style shadow-target rescue,304,3014,-0.0042167934239842001,-0.0042167934239842001,-0.00076735770448399521,finite,4.9260368347167969,12.827805760037155,1.6389526128768921,0.78455565795302462,0.042620062828063965,available,1,1,0,0.15387134253978729,1.31730723058245,373063680,17152,N/A
esb-pcgrad-rho4_lag2-d304-m3015,tanh,rho4_lag2,pcgrad,PCGrad-style shadow-target rescue,304,3015,0.0011577839963138102,-0.0011577839963138102,-3.0658550956186303e-05,finite,5.0329275131225586,12.957462467812002,1.6377140283584595,0.70449932310730112,0.021569967269897461,available,1,1,0,0.15919895470142365,1.3579940040628875,388743168,17152,N/A
esb-pcgrad-rho4_lag2-d304-m3016,tanh,rho4_lag2,pcgrad,PCGrad-style shadow-target rescue,304,3016,-0.0012067663250491024,-0.0012067663250491024,-6.6899625210670166e-05,finite,4.6983799934387207,13.165673333173617,1.7166082859039307,1.0153808377683138,0.1045684814453125,available,1,1,0,0.15533645451068878,1.3692235826278107,382173184,17152,N/A
esb-pcgrad-rho4_lag2-d304-m3017,tanh,rho4_lag2,pcgrad,PCGrad-style shadow-target rescue,304,3017,-0.0093461145414039503,-0.0093461145414039503,-0.0015118744611224422,finite,4.833897590637207,13.021587730501777,1.6829103231430054,0.95153604261576952,0.074114441871643066,available,1,1,0,0.16002953052520752,1.2802270039337471,382730240,17152,N/A
esb-erm-rho5_lag3-d301-m3010,tanh,rho5_lag3,erm,ERM,301,3010,19.254177287383932,-19.254177287383932,,right_censored,0.024466428905725479,10.801761723659002,1.4025877714157104,0,0,N/A,N/A,N/A,N/A,N/A,1,365969408,17152,N/A
esb-erm-rho5_lag3-d301-m3011,tanh,rho5_lag3,erm,ERM,301,3011,23.440991390170531,-23.440991390170531,,right_censored,0.041989177465438843,10.58374654869549,1.3829226493835449,0,0,N/A,N/A,N/A,N/A,N/A,1,371539968,17152,N/A
esb-erm-rho5_lag3-d301-m3012,tanh,rho5_lag3,erm,ERM,301,3012,24.230545639945191,-24.230545639945191,,right_censored,0.02465696819126606,10.810871461592614,1.3990434408187866,0,0,N/A,N/A,N/A,N/A,N/A,1,404537344,17152,N/A
esb-erm-rho5_lag3-d301-m3013,tanh,rho5_lag3,erm,ERM,301,3013,27.58389649214223,-27.58389649214223,,right_censored,0.06140059232711792,10.641320216935128,1.3816483020782471,0,0,N/A,N/A,N/A,N/A,N/A,1,380125184,17152,N/A
esb-erm-rho5_lag3-d301-m3014,tanh,rho5_lag3,erm,ERM,301,3014,23.794430865044706,-23.794430865044706,,right_censored,0.036036517471075058,10.651461337599903,1.3844976425170898,0,0,N/A,N/A,N/A,N/A,N/A,1,377389056,17152,N/A
esb-erm-rho5_lag3-d301-m3015,tanh,rho5_lag3,erm,ERM,301,3015,27.183059990825129,-27.183059990825129,,right_censored,0.042824883013963699,10.829863839223981,1.4019684791564941,0,0,N/A,N/A,N/A,N/A,N/A,1,406994944,17152,N/A
esb-erm-rho5_lag3-d301-m3016,tanh,rho5_lag3,erm,ERM,301,3016,20.039358193048972,-20.039358193048972,,right_censored,0.017600055783987045,10.723309275088832,1.393791675567627,0,0,N/A,N/A,N/A,N/A,N/A,1,371081216,17152,N/A
esb-erm-rho5_lag3-d301-m3017,tanh,rho5_lag3,erm,ERM,301,3017,22.291719451965761,-22.291719451965761,,right_censored,0.032157987356185913,10.723783560004083,1.4000535011291504,0,0,N/A,N/A,N/A,N/A,N/A,1,370769920,17152,N/A
esb-erm-rho5_lag3-d302-m3010,tanh,rho5_lag3,erm,ERM,302,3010,19.207894631824455,-19.207894631824455,,right_censored,0.025299634784460068,10.909641278139315,1.4191650152206421,0,0,N/A,N/A,N/A,N/A,N/A,1,370900992,17152,N/A
esb-erm-rho5_lag3-d302-m3011,tanh,rho5_lag3,erm,ERM,302,3011,23.411205145623537,-23.411205145623537,,right_censored,0.043194979429244995,10.690505476249381,1.399526834487915,0,0,N/A,N/A,N/A,N/A,N/A,1,392101888,17152,N/A
esb-erm-rho5_lag3-d302-m3012,tanh,rho5_lag3,erm,ERM,302,3012,24.200454643648115,-24.200454643648115,,right_censored,0.025684779509902,10.919565358944237,1.4156262874603271,0,0,N/A,N/A,N/A,N/A,N/A,1,392085504,17152,N/A
esb-erm-rho5_lag3-d302-m3013,tanh,rho5_lag3,erm,ERM,302,3013,27.564584017265588,-27.564584017265588,,right_censored,0.062790974974632263,10.748394231405108,1.3981103897094727,0,0,N/A,N/A,N/A,N/A,N/A,1,370900992,17152,N/A
esb-erm-rho5_lag3-d302-m3014,tanh,rho5_lag3,erm,ERM,302,3014,23.768277440429664,-23.768277440429664,,right_censored,0.036967288702726364,10.759642725903541,1.4012137651443481,0,0,N/A,N/A,N/A,N/A,N/A,1,395427840,17152,N/A
esb-erm-rho5_lag3-d302-m3015,tanh,rho5_lag3,erm,ERM,302,3015,27.164921272674107,-27.164921272674107,,right_censored,0.044194914400577545,10.937274400889873,1.4183907508850098,0,0,N/A,N/A,N/A,N/A,N/A,1,394067968,17152,N/A
esb-erm-rho5_lag3-d302-m3016,tanh,rho5_lag3,erm,ERM,302,3016,19.995777995086971,-19.995777995086971,,right_censored,0.018394278362393379,10.831216243980451,1.4104450941085815,0,0,N/A,N/A,N/A,N/A,N/A,1,402374656,17152,N/A
esb-erm-rho5_lag3-d302-m3017,tanh,rho5_lag3,erm,ERM,302,3017,22.257070429064331,-22.257070429064331,,right_censored,0.033276751637458801,10.829751258809118,1.4165657758712769,0,0,N/A,N/A,N/A,N/A,N/A,1,374112256,17152,N/A
esb-erm-rho5_lag3-d303-m3010,tanh,rho5_lag3,erm,ERM,303,3010,19.354958721622822,-19.354958721622822,,right_censored,0.025499917566776276,10.887072731903753,1.4158295392990112,0,0,N/A,N/A,N/A,N/A,N/A,1,398983168,17152,N/A
esb-erm-rho5_lag3-d303-m3011,tanh,rho5_lag3,erm,ERM,303,3011,23.479995044413954,-23.479995044413954,,right_censored,0.043435949832201004,10.667673700628802,1.3961381912231445,0,0,N/A,N/A,N/A,N/A,N/A,1,374833152,17152,N/A
esb-erm-rho5_lag3-d303-m3012,tanh,rho5_lag3,erm,ERM,303,3012,24.275190105615181,-24.275190105615181,,right_censored,0.025949236005544662,10.8966213921085,1.4122705459594727,0,0,N/A,N/A,N/A,N/A,N/A,1,364560384,17152,N/A
esb-erm-rho5_lag3-d303-m3013,tanh,rho5_lag3,erm,ERM,303,3013,27.584551779180764,-27.584551779180764,,right_censored,0.063048809766769409,10.725025794934481,1.3946882486343384,0,0,N/A,N/A,N/A,N/A,N/A,1,372408320,17152,N/A
esb-erm-rho5_lag3-d303-m3014,tanh,rho5_lag3,erm,ERM,303,3014,23.830176218505947,-23.830176218505947,,right_censored,0.037229374051094055,10.736466959584504,1.3977895975112915,0,0,N/A,N/A,N/A,N/A,N/A,1,376700928,17152,N/A
esb-erm-rho5_lag3-d303-m3015,tanh,rho5_lag3,erm,ERM,303,3015,27.178939588181674,-27.178939588181674,,right_censored,0.044469840824604034,10.914329253137112,1.4150311946868896,0,0,N/A,N/A,N/A,N/A,N/A,1,392921088,17152,N/A
esb-erm-rho5_lag3-d303-m3016,tanh,rho5_lag3,erm,ERM,303,3016,20.132108636654444,-20.132108636654444,,right_censored,0.018626134842634201,10.80864256597124,1.407097339630127,0,0,N/A,N/A,N/A,N/A,N/A,1,400359424,17152,N/A
esb-erm-rho5_lag3-d303-m3017,tanh,rho5_lag3,erm,ERM,303,3017,22.349416112736797,-22.349416112736797,,right_censored,0.033481527119874954,10.807349480781703,1.4132237434387207,0,0,N/A,N/A,N/A,N/A,N/A,1,404471808,17152,N/A
esb-erm-rho5_lag3-d304-m3010,tanh,rho5_lag3,erm,ERM,304,3010,19.243904893216676,-19.243904893216676,,right_censored,0.025379233062267303,10.904045304632746,1.4183741807937622,0,0,N/A,N/A,N/A,N/A,N/A,1,356761600,17152,N/A
esb-erm-rho5_lag3-d304-m3011,tanh,rho5_lag3,erm,ERM,304,3011,23.428553618746808,-23.428553618746808,,right_censored,0.043291851878166199,10.684795176750049,1.3987152576446533,0,0,N/A,N/A,N/A,N/A,N/A,1,373260288,17152,N/A
esb-erm-rho5_lag3-d304-m3012,tanh,rho5_lag3,erm,ERM,304,3012,24.219304386456496,-24.219304386456496,,right_censored,0.025788495317101479,10.913865772821008,1.414828896522522,0,0,N/A,N/A,N/A,N/A,N/A,1,385187840,17152,N/A
esb-erm-rho5_lag3-d304-m3013,tanh,rho5_lag3,erm,ERM,304,3013,27.570471097994592,-27.570471097994592,,right_censored,0.062896862626075745,10.74252149341628,1.3972854614257812,0,0,N/A,N/A,N/A,N/A,N/A,1,388694016,17152,N/A
esb-erm-rho5_lag3-d304-m3014,tanh,rho5_lag3,erm,ERM,304,3014,23.78398571172729,-23.78398571172729,,right_censored,0.03706447035074234,10.753861241880804,1.4003955125808716,0,0,N/A,N/A,N/A,N/A,N/A,1,373587968,17152,N/A
esb-erm-rho5_lag3-d304-m3015,tanh,rho5_lag3,erm,ERM,304,3015,27.169377969740889,-27.169377969740889,,right_censored,0.044307880103588104,10.931549681723119,1.4175879955291748,0,0,N/A,N/A,N/A,N/A,N/A,1,393084928,17152,N/A
esb-erm-rho5_lag3-d304-m3016,tanh,rho5_lag3,erm,ERM,304,3016,20.0292713235307,-20.0292713235307,,right_censored,0.01848260685801506,10.825620551919563,1.4096519947052002,0,0,N/A,N/A,N/A,N/A,N/A,1,394952704,17152,N/A
esb-erm-rho5_lag3-d304-m3017,tanh,rho5_lag3,erm,ERM,304,3017,22.280010749259965,-22.280010749259965,,right_censored,0.033363349735736847,10.82417695177719,1.4157695770263672,0,0,N/A,N/A,N/A,N/A,N/A,1,394149888,17152,N/A
esb-counterfactual_drift-rho5_lag3-d301-m3010,tanh,rho5_lag3,counterfactual_drift,CDC,301,3010,-0.015428282629000024,-0.015428282629000024,-0.0023745886015822393,finite,4.7598085403442383,10.034196294448337,1.1695187091827393,0.76756542921066462,0.23306906223297119,available,1,1,0,5.9604644775390625e-08,1.5048862488997945,379600896,17152,N/A
esb-counterfactual_drift-rho5_lag3-d301-m3011,tanh,rho5_lag3,counterfactual_drift,CDC,301,3011,0.00084434351883828625,-0.00084434351883828625,-2.8097620092815134e-05,finite,5.0207395553588867,9.5221442998852588,1.100578784942627,1.0616022488102317,0.28234386444091797,available,1,1,0,5.9604644775390625e-08,1.5048616684105582,373948416,17152,N/A
esb-counterfactual_drift-rho5_lag3-d301-m3012,tanh,rho5_lag3,counterfactual_drift,CDC,301,3012,0.0024607458151876928,-0.0024607458151876928,0.00012426441911195241,finite,5.0716700553894043,9.7134790943935521,1.1111862659454346,1.0973923671990615,0.28785717487335205,available,1,1,0,1.1920928955078125e-07,1.5064247221290321,383909888,17152,N/A
esb-counterfactual_drift-rho5_lag3-d301-m3013,tanh,rho5_lag3,counterfactual_drift,CDC,301,3013,0.00013169143348932269,-0.00013169143348932269,1.2059649496354297e-05,finite,5.2746238708496094,9.2755045610480007,1.053074836730957,1.3658156558871273,0.32857346534729004,available,1,1,0,1.1920928955078125e-07,1.5088611447554354,375767040,17152,N/A
esb-counterfactual_drift-rho5_lag3-d301-m3014,tanh,rho5_lag3,counterfactual_drift,CDC,301,3014,0.00064820465631783004,-0.00064820465631783004,6.1785352826859707e-05,finite,4.9951353073120117,9.5309794160537429,1.0936875343322754,1.1204819215461601,0.29081010818481445,available,1,1,0,1.1920928955078125e-07,1.5311065328880868,387858432,17152,N/A
esb-counterfactual_drift-rho5_lag3-d301-m3015,tanh,rho5_lag3,counterfactual_drift,CDC,301,3015,0.0011574888601899147,-0.0011574888601899147,-4.3369857569697245e-05,finite,5.2885198593139648,9.4950527563691125,1.0766627788543701,1.334811082854868,0.32530570030212402,available,1,1,0,1.1920928955078125e-07,1.6286814372756895,375914496,17152,N/A
esb-counterfactual_drift-rho5_lag3-d301-m3016,tanh,rho5_lag3,counterfactual_drift,CDC,301,3016,0.00092856446863152085,-0.00092856446863152085,0.00014952229082432211,finite,4.863865852355957,9.9165707209613174,1.1535871028900146,0.80673855412751472,0.2402045726776123,available,1,1,0,1.1920928955078125e-07,1.5186155574103801,386187264,17152,N/A
esb-counterfactual_drift-rho5_lag3-d301-m3017,tanh,rho5_lag3,counterfactual_drift,CDC,301,3017,0.00047755574341863395,-0.00047755574341863395,0.00012246480757616141,finite,4.9226431846618652,9.7556914849206802,1.1327712535858154,0.968092075083403,0.26728224754333496,available,1,1,0,1.1920928955078125e-07,1.5348775035705264,382812160,17152,N/A
esb-counterfactual_drift-rho5_lag3-d302-m3010,tanh,rho5_lag3,counterfactual_drift,CDC,302,3010,-0.01560780851286836,-0.01560780851286836,-0.0024549071677686385,finite,4.7633800506591797,10.13302703832742,1.182551383972168,0.77661423981189515,0.23661363124847412,available,1,1,0,1.1920928955078125e-07,1.5324325366777667,387334144,17152,N/A
esb-counterfactual_drift-rho5_lag3-d302-m3011,tanh,rho5_lag3,counterfactual_drift,CDC,302,3011,0.00083310035988688465,-0.00083310035988688465,-3.0132159191342822e-05,finite,5.0261406898498535,9.6128029606770724,1.1122629642486572,1.0777025155723088,0.28726387023925781,available,1,1,0,1.1920928955078125e-07,1.5201758902659537,377470976,17152,N/A
esb-counterfactual_drift-rho5_lag3-d302-m3012,tanh,rho5_lag3,counterfactual_drift,CDC,302,3012,0.0024513877229765057,-0.0024513877229765057,0.0001268486742196373,finite,5.0763826370239258,9.8058192292228341,1.1228609085083008,1.1137461297214024,0.29276537895202637,available,1,1,0,1.1920928955078125e-07,1.5164672918973634,386187264,17152,N/A
esb-counterfactual_drift-rho5_lag3-d302-m3013,tanh,rho5_lag3,counterfactual_drift,CDC,302,3013,9.4543024897575368e-05,-9.4543024897575368e-05,9.0613621868129712e-06,finite,5.2800993919372559,9.3600901043973863,1.0635658502578735,1.3883041270077214,0.33454453945159912,available,1,1,0,1.1920928955078125e-07,1.5302231807624087,383303680,17152,N/A
esb-counterfactual_drift-rho5_lag3-d302-m3014,tanh,rho5_lag3,counterfactual_drift,CDC,302,3014,0.0006445117527619004,-0.0006445117527619004,6.2917014925556458e-05,finite,5.000452995300293,9.6221313511021425,1.1053411960601807,1.1375113748013987,0.29587256908416748,available,1,1,0,2.384185791015625e-07,1.5154616655729001,384483328,17152,N/A
esb-counterfactual_drift-rho5_lag3-d302-m3015,tanh,rho5_lag3,counterfactual_drift,CDC,302,3015,0.0011325041181407868,-0.0011325041181407868,-4.8650363948077313e-05,finite,5.2949953079223633,9.58142918124795,1.0873708724975586,1.3558452196419228,0.33101987838745117,available,1,1,0,1.1920928955078125e-07,1.5428973006567732,383352832,17152,N/A
esb-counterfactual_drift-rho5_lag3-d302-m3016,tanh,rho5_lag3,counterfactual_drift,CDC,302,3016,0.00092525017680600275,-0.00092525017680600275,0.00015349476839698895,finite,4.8681163787841797,10.014274550741538,1.1664479970932007,0.8169416932389133,0.24399709701538086,available,1,1,0,1.1920928955078125e-07,1.5103849306670261,370638848,17152,N/A
esb-counterfactual_drift-rho5_lag3-d302-m3017,tanh,rho5_lag3,counterfactual_drift,CDC,302,3017,0.0004789876518771053,-0.0004789876518771053,0.00012581476355366661,finite,4.927309513092041,9.8473257112316794,1.1446998119354248,0.98242554757743861,0.27186596393585205,available,1,1,0,1.1920928955078125e-07,1.5930490107027635,388956160,17152,N/A
esb-counterfactual_drift-rho5_lag3-d303-m3010,tanh,rho5_lag3,counterfactual_drift,CDC,303,3010,-0.015328964119544253,-0.015328964119544253,-0.0023894318411095128,finite,4.7454314231872559,10.0912087518489,1.1759963035583496,0.79586398005485393,0.23983323574066162,available,1,1,0,5.9604644775390625e-08,1.5667304367831809,381026304,17152,N/A
esb-counterfactual_drift-rho5_lag3-d303-m3011,tanh,rho5_lag3,counterfactual_drift,CDC,303,3011,0.0008722185390070081,-0.0008722185390070081,-2.7552651043816212e-05,finite,5.0004916191101074,9.5695977542083703,1.1059993505477905,1.0980759464204315,0.290138840675354,available,1,1,0,2.384185791015625e-07,1.5384755462193529,387203072,17152,N/A
esb-counterfactual_drift-rho5_lag3-d303-m3012,tanh,rho5_lag3,counterfactual_drift,CDC,303,3012,0.0025071923620998858,-0.0025071923620998858,0.00012779411392260798,finite,5.0538768768310547,9.7624946737661951,1.1166495084762573,1.1341267183423049,0.29562103748321533,available,1,1,0,1.1920928955078125e-07,1.5814708067528971,372277248,17152,N/A
esb-counterfactual_drift-rho5_lag3-d303-m3013,tanh,rho5_lag3,counterfactual_drift,CDC,303,3013,0.0001820824109017849,-0.0001820824109017849,1.2100896230382574e-05,finite,5.2543849945068359,9.3160948625765734,1.05759596824646,1.408930932357908,0.33709228038787842,available,1,1,0,5.9604644775390625e-08,1.5614500925225334,380190720,17152,N/A
esb-counterfactual_drift-rho5_lag3-d303-m3014,tanh,rho5_lag3,counterfactual_drift,CDC,303,3014,0.0006787516176700592,-0.0006787516176700592,6.3169549930464086e-05,finite,4.9752712249755859,9.5782347596250474,1.0990444421768188,1.1582321999594569,0.29874515533447266,available,1,1,0,1.1920928955078125e-07,1.548431442989525,376258560,17152,N/A
esb-counterfactual_drift-rho5_lag3-d303-m3015,tanh,rho5_lag3,counterfactual_drift,CDC,303,3015,0.0011806065798737107,-0.0011806065798737107,-4.4553612359887751e-05,finite,5.2646427154541016,9.5374087460339076,1.0813519954681396,1.376920507103204,0.33367919921875,available,1,1,0,5.9604644775390625e-08,1.5854418944098296,386842624,17152,N/A
esb-counterfactual_drift-rho5_lag3-d303-m3016,tanh,rho5_lag3,counterfactual_drift,CDC,303,3016,0.00096246260800398882,-0.00096246260800398882,0.00015205109163041186,finite,4.8470487594604492,9.9718329321127381,1.1598213911056519,0.83680963385850227,0.2472759485244751,available,1,1,0,1.1920928955078125e-07,1.6843126360194394,398508032,17152,N/A
esb-counterfactual_drift-rho5_lag3-d303-m3017,tanh,rho5_lag3,counterfactual_drift,CDC,303,3017,0.0005102370167151093,-0.0005102370167151093,0.00012552909026641856,finite,4.9048800468444824,9.8048207164742056,1.138369083404541,1.0025287643074972,0.27485466003417969,available,1,1,0,1.1920928955078125e-07,1.6300182156971268,371507200,17152,N/A
esb-counterfactual_drift-rho5_lag3-d304-m3010,tanh,rho5_lag3,counterfactual_drift,CDC,304,3010,-0.015550093003548681,-0.015550093003548681,-0.0023956929363526669,finite,4.7593469619750977,10.12248949704226,1.1809079647064209,0.78155580759048604,0.23746621608734131,available,1,1,0,5.9604644775390625e-08,1.5717375875415323,374095872,17152,N/A
esb-counterfactual_drift-rho5_lag3-d304-m3011,tanh,rho5_lag3,counterfactual_drift,CDC,304,3011,0.00084031550213694564,-0.00084031550213694564,-2.9094012869990138e-05,finite,5.0202960968017578,9.6018154691439115,1.1106781959533691,1.0829797076061372,0.28803706169128418,available,1,1,0,1.1920928955078125e-07,1.5909613755678511,374751232,17152,N/A
esb-counterfactual_drift-rho5_lag3-d304-m3012,tanh,rho5_lag3,counterfactual_drift,CDC,304,3012,0.0024670115206390617,-0.0024670115206390617,0.00012459511485030106,finite,5.0712928771972656,9.7948307832702994,1.1212936639785767,1.119034989550709,0.29353523254394531,available,1,1,0,5.9604644775390625e-08,1.59117164475332,390643712,17152,N/A
esb-counterfactual_drift-rho5_lag3-d304-m3013,tanh,rho5_lag3,counterfactual_drift,CDC,304,3013,0.00011201435700058934,-0.00011201435700058934,9.6162834526403174e-06,finite,5.2742724418640137,9.3488915472291421,1.0620547533035278,1.3936299461871382,0.33523070812225342,available,1,1,0,5.9604644775390625e-08,1.5649349869381284,379109376,17152,N/A
esb-counterfactual_drift-rho5_lag3-d304-m3014,tanh,rho5_lag3,counterfactual_drift,CDC,304,3014,0.00065867577213793991,-0.00065867577213793991,6.1830248358152318e-05,finite,4.9947118759155273,9.6109681109897807,1.1037493944168091,1.1428931308910233,0.2966461181640625,available,1,1,0,1.1920928955078125e-07,1.5859835237155822,374603776,17152,N/A
esb-counterfactual_drift-rho5_lag3-d304-m3015,tanh,rho5_lag3,counterfactual_drift,CDC,304,3015,0.0011353729059919715,-0.0011353729059919715,-4.6890562505730315e-05,finite,5.2880873680114746,9.5702433578670032,1.0858498811721802,1.3613063238561161,0.33173811435699463,available,1,1,0,1.1920928955078125e-07,1.5868967981314999,374472704,17152,N/A
esb-counterfactual_drift-rho5_lag3-d304-m3016,tanh,rho5_lag3,counterfactual_drift,CDC,304,3016,0.00093553814804181467,-0.00093553814804181467,0.00015030943358240734,finite,4.8633546829223633,10.003567608771846,1.1647853851318359,0.82205294314771749,0.24486660957336426,available,1,1,0,5.9604644775390625e-08,1.5502323001274105,384368640,17152,N/A
esb-counterfactual_drift-rho5_lag3-d304-m3017,tanh,rho5_lag3,counterfactual_drift,CDC,304,3017,0.00049224577378481627,-0.00049224577378481627,0.00012336686489744508,finite,4.9222145080566406,9.8365549832582477,1.1431033611297607,0.98762196851894224,0.27266621589660645,available,1,1,0,1.1920928955078125e-07,1.5510682260775344,383565824,17152,N/A
esb-bloop-rho5_lag3-d301-m3010,tanh,rho5_lag3,bloop,Bloop-style shadow-target rescue,301,3010,-0.011146694357739762,-0.011146694357739762,-0.0023215981152242549,finite,4.7588586807250977,7.385844978294335,0.55953526496887207,3.4159167453646671,0.84305250644683838,available,1,1,0,0.25362738966941833,1.5570348896519566,381304832,17152,N/A
esb-bloop-rho5_lag3-d301-m3011,tanh,rho5_lag3,bloop,Bloop-style shadow-target rescue,301,3011,0.0050689802039414651,-0.0050689802039414651,2.4452021691878656e-05,finite,5.0199508666992188,6.6091153610032052,0.52725875377655029,3.9746311876922853,0.85566389560699463,available,1,1,0,0.24561703205108643,1.5854849012014911,372752384,17152,N/A
esb-bloop-rho5_lag3-d301-m3012,tanh,rho5_lag3,bloop,Bloop-style shadow-target rescue,301,3012,0.0070745413890108454,-0.0070745413890108454,0.0001803719382156288,finite,5.0708398818969727,6.683085651881993,0.5363844633102417,4.1277858097106206,0.86265897750854492,available,1,1,0,0.27011725306510925,1.570613666463287,383287296,17152,N/A
esb-bloop-rho5_lag3-d301-m3013,tanh,rho5_lag3,bloop,Bloop-style shadow-target rescue,301,3013,0.0050576553680002695,-0.0050576553680002695,6.0912385298816929e-05,finite,5.2738218307495117,5.9956653374247253,0.49171710014343262,4.6456548795104027,0.88993120193481445,available,1,1,0,0.28416648507118225,1.7143357403666459,397131776,17152,N/A
esb-bloop-rho5_lag3-d301-m3014,tanh,rho5_lag3,bloop,Bloop-style shadow-target rescue,301,3014,0.0044585058465600015,-0.0044585058465600015,0.00011367751264135251,finite,4.9944381713867188,6.4211982565931978,0.49491921067237854,4.2302630810067052,0.8895784318447113,available,1,1,0,0.25829899311065674,1.6543258461748012,389185536,17152,N/A
esb-bloop-rho5_lag3-d301-m3015,tanh,rho5_lag3,bloop,Bloop-style shadow-target rescue,301,3015,0.0052147772745229299,-0.0052147772745229299,1.4664810646269899e-05,finite,5.2878613471984863,6.1856434930115931,0.49904417991638184,4.6442203462123874,0.9029242992401123,available,1,1,0,0.28040009737014771,1.5885087569310268,389120000,17152,N/A
esb-bloop-rho5_lag3-d301-m3016,tanh,rho5_lag3,bloop,Bloop-style shadow-target rescue,301,3016,0.0046353088458999988,-0.0046353088458999988,0.00020776436040481627,finite,4.8630657196044922,7.0885372250806542,0.51582300662994385,3.6347720500081779,0.87796866893768311,available,1,1,0,0.2686123251914978,1.5963708875348082,376471552,17152,N/A
esb-bloop-rho5_lag3-d301-m3017,tanh,rho5_lag3,bloop,Bloop-style shadow-target rescue,301,3017,0.0045838077552616593,-0.0045838077552616593,0.00018346380208900115,finite,4.9218482971191406,7.0400711051188409,0.58712875843048096,3.6837124548852422,0.81292474269866943,available,1,1,0,0.24135212600231171,1.6078410607205826,378257408,17152,N/A
esb-bloop-rho5_lag3-d302-m3010,tanh,rho5_lag3,bloop,Bloop-style shadow-target rescue,302,3010,-0.011257047724211587,-0.011257047724211587,-0.0024005047620603293,finite,4.7624101638793945,7.4326801847433668,0.55847632884979248,3.4769610933959481,0.86068868637084961,available,1,1,0,0.25916871428489685,1.5528210874691635,384548864,17152,N/A
esb-bloop-rho5_lag3-d302-m3011,tanh,rho5_lag3,bloop,Bloop-style shadow-target rescue,302,3011,0.0051365728257223957,-0.0051365728257223957,2.3465080042139874e-05,finite,5.0253362655639648,6.6381525685545055,0.52551543712615967,4.0523529076948757,0.87401139736175537,available,1,1,0,0.25106018781661987,1.5696979206717578,372539392,17152,N/A
esb-bloop-rho5_lag3-d302-m3012,tanh,rho5_lag3,bloop,Bloop-style shadow-target rescue,302,3012,0.00715332431718707,-0.00715332431718707,0.00018422373052517926,finite,5.0755338668823242,6.7103855023160577,0.53431618213653564,4.2091798566281788,0.8813101053237915,available,1,1,0,0.27626684308052063,1.6684879142040479,384172032,17152,N/A
esb-bloop-rho5_lag3-d302-m3013,tanh,rho5_lag3,bloop,Bloop-style shadow-target rescue,302,3013,0.0051091814413666732,-0.0051091814413666732,5.8907450906975356e-05,finite,5.2792811393737793,6.0104321657679982,0.48938503861427307,4.7379620656371095,0.90872535109519958,available,1,1,0,0.29043221473693848,2.0464007799086157,391004160,17152,N/A
esb-bloop-rho5_lag3-d302-m3014,tanh,rho5_lag3,bloop,Bloop-style shadow-target rescue,302,3014,0.0045293668983504166,-0.0045293668983504166,0.00011600207271511564,finite,4.9997401237487793,6.4516782204620551,0.49372658133506775,4.3079645054414861,0.9074871838092804,available,1,1,0,0.26361486315727234,1.8823706321376761,392822784,17152,N/A
esb-bloop-rho5_lag3-d302-m3015,tanh,rho5_lag3,bloop,Bloop-style shadow-target rescue,302,3015,0.0052739604259841137,-0.0052739604259841137,1.0619351418661438e-05,finite,5.2943210601806641,6.2016506128013136,0.49645328521728516,4.7356237880885592,0.92193746566772461,available,1,1,0,0.28656330704689026,2.0008776072598997,400441344,17152,N/A
esb-bloop-rho5_lag3-d302-m3016,tanh,rho5_lag3,bloop,Bloop-style shadow-target rescue,302,3016,0.0046945839480031278,-0.0046945839480031278,0.00021296043300722545,finite,4.8673000335693359,7.134357540635393,0.51506781578063965,3.6968587033450584,0.89537727832794189,available,1,1,0,0.2741604745388031,1.7558400633166826,393871360,17152,N/A
esb-bloop-rho5_lag3-d302-m3017,tanh,rho5_lag3,bloop,Bloop-style shadow-target rescue,302,3017,0.0046567344339564437,-0.0046567344339564437,0.00018793417296336656,finite,4.9264984130859375,7.0716156906448315,0.58550173044204712,3.7581355681642865,0.83106404542922974,available,1,1,0,0.24687656760215759,1.7750355972284566,398589952,17152,N/A
esb-bloop-rho5_lag3-d303-m3010,tanh,rho5_lag3,bloop,Bloop-style shadow-target rescue,303,3010,-0.010964895912911743,-0.010964895912911743,-0.0023346137878270667,finite,4.7444734573364258,7.3733407024061304,0.5571359395980835,3.5137320294976231,0.85869359970092773,available,1,1,0,0.258798748254776,1.5796377105763519,400244736,17152,N/A
esb-bloop-rho5_lag3-d303-m3011,tanh,rho5_lag3,bloop,Bloop-style shadow-target rescue,303,3011,0.0051687998697161671,-0.0051687998697161671,2.7355875149570608e-05,finite,4.99969482421875,6.5901284753810616,0.52499854564666748,4.0775452252477402,0.87113964557647705,available,1,1,0,0.25071755051612854,1.6128198749035614,382550016,17152,N/A
esb-bloop-rho5_lag3-d303-m3012,tanh,rho5_lag3,bloop,Bloop-style shadow-target rescue,303,3012,0.0072013439377769826,-0.0072013439377769826,0.00018646935688737543,finite,5.053037166595459,6.6622409986332052,0.53339028358459473,4.2343803934752948,0.87888026237487793,available,1,1,0,0.27575501799583435,1.609518177147143,384630784,17152,N/A
esb-bloop-rho5_lag3-d303-m3013,tanh,rho5_lag3,bloop,Bloop-style shadow-target rescue,303,3013,0.0051794605329632763,-0.0051794605329632763,5.9384484099478385e-05,finite,5.2535748481750488,5.9701451803557575,0.48887905478477478,4.7548806145787239,0.9058091938495636,available,1,1,0,0.29003506898880005,1.6003480089330002,401686528,17152,N/A
esb-bloop-rho5_lag3-d303-m3014,tanh,rho5_lag3,bloop,Bloop-style shadow-target rescue,303,3014,0.0045532070100307454,-0.0045532070100307454,0.00011739206836081095,finite,4.9745664596557617,6.3983612715266638,0.49188524484634399,4.3381056880578406,0.90590435266494751,available,1,1,0,0.26362526416778564,1.5677390346953235,403488768,17152,N/A
esb-bloop-rho5_lag3-d303-m3015,tanh,rho5_lag3,bloop,Bloop-style shadow-target rescue,303,3015,0.0053063253872096539,-0.0053063253872096539,1.6717052991666037e-05,finite,5.2639741897583008,6.1595095373690132,0.49605688452720642,4.7548197157680985,0.91897431015968323,available,1,1,0,0.28623926639556885,1.5903703751866618,379961344,17152,N/A
esb-bloop-rho5_lag3-d303-m3016,tanh,rho5_lag3,bloop,Bloop-style shadow-target rescue,303,3016,0.004746588511625305,-0.004746588511625305,0.00021198840233438432,finite,4.8462395668029785,7.069788042223081,0.5126534104347229,3.7388545237481594,0.89444392919540405,available,1,1,0,0.27430582046508789,1.557667500287047,385466368,17152,N/A
esb-bloop-rho5_lag3-d303-m3017,tanh,rho5_lag3,bloop,Bloop-style shadow-target rescue,303,3017,0.0046817139489576214,-0.0046817139489576214,0.0001889358588922363,finite,4.9040794372558594,7.0222684987820685,0.58476614952087402,3.7850809819996343,0.82845759391784668,available,1,1,0,0.24670104682445526,1.5247264129313294,383926272,17152,N/A
esb-bloop-rho5_lag3-d304-m3010,tanh,rho5_lag3,bloop,Bloop-style shadow-target rescue,304,3010,-0.011195857531856746,-0.011195857531856746,-0.0023421260498173169,finite,4.7583808898925781,7.4176047175889837,0.55811649560928345,3.486440587043762,0.86025768518447876,available,1,1,0,0.25911194086074829,1.5267454434424974,380370944,17152,N/A
esb-bloop-rho5_lag3-d304-m3011,tanh,rho5_lag3,bloop,Bloop-style shadow-target rescue,304,3011,0.0051402693148702378,-0.0051402693148702378,2.3908949516204814e-05,finite,5.0194950103759766,6.6259599832352247,0.52537983655929565,4.0588351935148239,0.87333542108535767,available,1,1,0,0.25096678733825684,1.6231982535752827,403210240,17152,N/A
esb-bloop-rho5_lag3-d304-m3012,tanh,rho5_lag3,bloop,Bloop-style shadow-target rescue,304,3012,0.0071601542178541411,-0.0071601542178541411,0.00018118019872481739,finite,5.0704479217529297,6.6982150850817561,0.53409045934677124,4.2156506877392523,0.88073843717575073,available,1,1,0,0.27603313326835632,1.7070350847120852,385826816,17152,N/A
esb-bloop-rho5_lag3-d304-m3013,tanh,rho5_lag3,bloop,Bloop-style shadow-target rescue,304,3013,0.0051229510456323631,-0.0051229510456323631,5.8800801810310332e-05,finite,5.2734575271606445,6.0003038006834686,0.48926824331283569,4.7422176927328117,0.90801721811294556,available,1,1,0,0.29029691219329834,1.690324276495097,388546560,17152,N/A
esb-bloop-rho5_lag3-d304-m3014,tanh,rho5_lag3,bloop,Bloop-style shadow-target rescue,304,3014,0.0045333317015320068,-0.0045333317015320068,0.00011425060734859827,finite,4.9940023422241211,6.4383542242459963,0.49330407381057739,4.3155070176348076,0.90709143877029419,available,1,1,0,0.26366749405860901,1.681287495453093,383647744,17152,N/A
esb-bloop-rho5_lag3-d304-m3015,tanh,rho5_lag3,bloop,Bloop-style shadow-target rescue,304,3015,0.0052731130504980687,-0.0052731130504980687,1.1622981676229216e-05,finite,5.2874135971069336,6.1911937236785892,0.49639144539833069,4.74035595804453,0.92119655013084412,available,1,1,0,0.28632616996765137,1.6893026610545745,405061632,17152,N/A
esb-bloop-rho5_lag3-d304-m3016,tanh,rho5_lag3,bloop,Bloop-style shadow-target rescue,304,3016,0.004707426176173612,-0.004707426176173612,0.0002089024202058809,finite,4.8625411987304688,7.1181341314222664,0.5144888162612915,3.7074864204972968,0.89516317844390869,available,1,1,0,0.27425509691238403,1.7114462013735621,392101888,17152,N/A
esb-bloop-rho5_lag3-d304-m3017,tanh,rho5_lag3,bloop,Bloop-style shadow-target rescue,304,3017,0.0046676612226292484,-0.0046676612226292484,0.00018466839707098615,finite,4.9214057922363281,7.059076926298439,0.58530861139297485,3.765100025478751,0.83046096563339233,available,1,1,0,0.24677547812461853,1.6488337056617193,384696320,17152,N/A
esb-pcgrad-rho5_lag3-d301-m3010,tanh,rho5_lag3,pcgrad,PCGrad-style shadow-target rescue,301,3010,-0.016419541853247212,-0.016419541853247212,-0.0023975920779966131,finite,4.7600226402282715,12.172209334722721,1.6424630880355835,1.3704476110637192,0.23987531661987305,available,1,1,0,0.16890090703964233,1.6473462715841392,390496256,17152,N/A
esb-pcgrad-rho5_lag3-d301-m3011,tanh,rho5_lag3,pcgrad,PCGrad-style shadow-target rescue,301,3011,-0.00013114183675497768,-0.00013114183675497768,-4.9339054132513382e-05,finite,5.0209188461303711,11.795147769106553,1.5401943922042847,1.2114012204110622,0.15727174282073975,available,1,1,0,0.15856543183326721,1.6836216138535378,393854976,17152,N/A
esb-pcgrad-rho5_lag3-d301-m3012,tanh,rho5_lag3,pcgrad,PCGrad-style shadow-target rescue,301,3012,0.0013260945910587906,-0.0013260945910587906,0.00010293678255912653,finite,5.0718746185302734,12.014965131692588,1.5528148412704468,1.204093670099974,0.15377140045166016,available,1,1,0,0.16844318807125092,1.6572336845475357,389840896,17152,N/A
esb-pcgrad-rho5_lag3-d301-m3013,tanh,rho5_lag3,pcgrad,PCGrad-style shadow-target rescue,301,3013,-0.00078586069867014885,-0.00078586069867014885,-1.7483285188468756e-06,finite,5.274773120880127,11.295019942801446,1.4021484851837158,0.65369972586631775,0.02050018310546875,available,1,1,0,0.14280985295772552,1.6675285595135634,384843776,17152,N/A
esb-pcgrad-rho5_lag3-d301-m3014,tanh,rho5_lag3,pcgrad,PCGrad-style shadow-target rescue,301,3014,-0.00025048148818314071,-0.00025048148818314071,4.2751349179859233e-05,finite,4.9952993392944336,11.617354322131723,1.4910280704498291,0.96589298453181982,0.10653042793273926,available,1,1,0,0.14452806115150452,1.6779660483856378,400883712,17152,N/A
esb-pcgrad-rho5_lag3-d301-m3015,tanh,rho5_lag3,pcgrad,PCGrad-style shadow-target rescue,301,3015,0.0002868309151381254,-0.0002868309151381254,-6.2542463313164376e-05,finite,5.288663387298584,11.811431770026685,1.4851503372192383,0.98156793080270432,0.083181858062744141,available,1,1,0,0.16118061542510986,1.6950956892099085,390004736,17152,N/A
esb-pcgrad-rho5_lag3-d301-m3016,tanh,rho5_lag3,pcgrad,PCGrad-style shadow-target rescue,301,3016,4.5185658382251897e-05,-4.5185658382251897e-05,0.00012585775123419296,finite,4.8640546798706055,11.941867510369047,1.5915231704711914,1.2185582352802147,0.19773149490356445,available,1,1,0,0.16136628389358521,1.6712642214720759,384860160,17152,N/A
esb-pcgrad-rho5_lag3-d301-m3017,tanh,rho5_lag3,pcgrad,PCGrad-style shadow-target rescue,301,3017,-0.0004605995956808328,-0.0004605995956808328,9.8913999804217667e-05,finite,4.9228200912475586,11.976501865591853,1.5727100372314453,1.25271830558777,0.17265653610229492,available,1,1,0,0.16181188821792603,1.7164984012090916,403783680,17152,N/A
esb-pcgrad-rho5_lag3-d302-m3010,tanh,rho5_lag3,pcgrad,PCGrad-style shadow-target rescue,302,3010,-0.016605185472872111,-0.016605185472872111,-0.0024783802527919008,finite,4.7635960578918457,12.270213132700881,1.656886100769043,1.3605718545615666,0.23772108554840088,available,1,1,0,0.1693740040063858,1.6672234906539605,385318912,17152,N/A
esb-pcgrad-rho5_lag3-d302-m3011,tanh,rho5_lag3,pcgrad,PCGrad-style shadow-target rescue,302,3011,-0.00015016433317214257,-0.00015016433317214257,-5.178278046180651e-05,finite,5.0263209342956543,11.89030107553117,1.5538376569747925,1.1997955992817886,0.15431082248687744,available,1,1,0,0.15913023054599762,1.6849090701966132,389103616,17152,N/A
esb-pcgrad-rho5_lag3-d302-m3012,tanh,rho5_lag3,pcgrad,PCGrad-style shadow-target rescue,302,3012,0.001308597018942237,-0.001308597018942237,0.00010509881843034918,finite,5.0765886306762695,12.111150577850641,1.5662572383880615,1.191585218906404,0.15063095092773438,available,1,1,0,0.16916549205780029,1.6675209780717155,389939200,17152,N/A
esb-pcgrad-rho5_lag3-d302-m3013,tanh,rho5_lag3,pcgrad,PCGrad-style shadow-target rescue,302,3013,-0.0008342770859599113,-0.0008342770859599113,-4.8453822243388345e-06,finite,5.2802515029907227,11.385398328583687,1.4142992496490479,0.63700409717857909,0.016188859939575195,available,1,1,0,0.14340201020240784,1.675081276531305,402833408,17152,N/A
esb-pcgrad-rho5_lag3-d302-m3014,tanh,rho5_lag3,pcgrad,PCGrad-style shadow-target rescue,302,3014,-0.00025604756083339451,-0.00025604756083339451,4.3660908854992186e-05,finite,5.0006179809570312,11.712586801405994,1.5043787956237793,0.95294407550245275,0.10316503047943115,available,1,1,0,0.1450277715921402,1.6621476761308525,389398528,17152,N/A
esb-pcgrad-rho5_lag3-d302-m3015,tanh,rho5_lag3,pcgrad,PCGrad-style shadow-target rescue,302,3015,0.00025661732070147991,-0.00025661732070147991,-6.8107560610819462e-05,finite,5.2951397895812988,11.904000221937894,1.4978117942810059,0.96672582104802096,0.079421043395996094,available,1,1,0,0.16180574893951416,1.6736686459902457,384745472,17152,N/A
esb-pcgrad-rho5_lag3-d302-m3016,tanh,rho5_lag3,pcgrad,PCGrad-style shadow-target rescue,302,3016,3.8725294871255783e-05,-3.8725294871255783e-05,0.00012926678166280681,finite,4.8683061599731445,12.039424886880441,1.6057629585266113,1.2082086428999901,0.19531786441802979,available,1,1,0,0.16182413697242737,1.6410436125986478,400637952,17152,N/A
esb-pcgrad-rho5_lag3-d302-m3017,tanh,rho5_lag3,pcgrad,PCGrad-style shadow-target rescue,302,3017,-0.00046393843367695806,-0.00046393843367695806,0.00010173690612624853,finite,4.9274883270263672,12.070140346419066,1.5861982107162476,1.2403890876099481,0.1696324348449707,available,1,1,0,0.16236883401870728,1.6599909233605734,391856128,17152,N/A
esb-pcgrad-rho5_lag3-d303-m3010,tanh,rho5_lag3,pcgrad,PCGrad-style shadow-target rescue,303,3010,-0.016324555256869645,-0.016324555256869645,-0.0024129920723066078,finite,4.7456455230712891,12.242862289748155,1.6482334136962891,1.3557895578444015,0.23240387439727783,available,1,1,0,0.16917380690574646,1.6132618634107037,384761856,17152,N/A
esb-pcgrad-rho5_lag3-d303-m3011,tanh,rho5_lag3,pcgrad,PCGrad-style shadow-target rescue,303,3011,-0.00010267675388604404,-0.00010267675388604404,-4.9422317057068454e-05,finite,5.000669002532959,11.850361786549911,1.5445888042449951,1.1826880859211091,0.14845061302185059,available,1,1,0,0.15879973769187927,1.6674872559305041,389447680,17152,N/A
esb-pcgrad-rho5_lag3-d303-m3012,tanh,rho5_lag3,pcgrad,PCGrad-style shadow-target rescue,303,3012,0.0013741214992478491,-0.0013741214992478491,0.00010570679830168572,finite,5.054079532623291,12.071726028434933,1.5573726892471313,1.1751046363264326,0.14510214328765869,available,1,1,0,0.16868837177753448,1.7042938267188459,391954432,17152,N/A
esb-pcgrad-rho5_lag3-d303-m3013,tanh,rho5_lag3,pcgrad,PCGrad-style shadow-target rescue,303,3013,-0.00073608811944723138,-0.00073608811944723138,-1.0652828441592987e-06,finite,5.2545337677001953,11.339320579823106,1.4058868885040283,0.61429478488862443,0.011198639869689941,available,1,1,0,0.14309233427047729,1.7046662440678404,394117120,17152,N/A
esb-pcgrad-rho5_lag3-d303-m3014,tanh,rho5_lag3,pcgrad,PCGrad-style shadow-target rescue,303,3014,-0.00021810126490890978,-0.00021810126490890978,4.3420966727492072e-05,finite,4.975433349609375,11.670830453094094,1.4954211711883545,0.93436349350958992,0.097631573677062988,available,1,1,0,0.14468845725059509,1.6935961523545247,390496256,17152,N/A
esb-pcgrad-rho5_lag3-d303-m3015,tanh,rho5_lag3,pcgrad,PCGrad-style shadow-target rescue,303,3015,0.00031637724023312317,-0.00031637724023312317,-6.4492290494655435e-05,finite,5.2647829055786133,11.857293886318804,1.488600492477417,0.94296463318169188,0.073569297790527344,available,1,1,0,0.16139405965805054,1.6658445424092077,400687104,17152,N/A
esb-pcgrad-rho5_lag3-d303-m3016,tanh,rho5_lag3,pcgrad,PCGrad-style shadow-target rescue,303,3016,7.470903801731768e-05,-7.470903801731768e-05,0.00012782186011772723,finite,4.8472366333007812,12.009127118764447,1.5969865322113037,1.2004845527932062,0.18988919258117676,available,1,1,0,0.16167512536048889,1.7262290243555267,391544832,17152,N/A
esb-pcgrad-rho5_lag3-d303-m3017,tanh,rho5_lag3,pcgrad,PCGrad-style shadow-target rescue,303,3017,-0.00043187949340790506,-0.00043187949340790506,0.0001011471056848734,finite,4.905057430267334,12.03456334285438,1.5773760080337524,1.2272138620726771,0.16415226459503174,available,1,1,0,0.16215309500694275,1.6272742096283326,384598016,17152,N/A
esb-pcgrad-rho5_lag3-d304-m3010,tanh,rho5_lag3,pcgrad,PCGrad-style shadow-target rescue,304,3010,-0.016548057680483907,-0.016548057680483907,-0.0024188116202479293,finite,4.7595624923706055,12.263248634315097,1.6547629833221436,1.3592033296823516,0.23638880252838135,available,1,1,0,0.16934257745742798,1.6898258504662886,400621568,17152,N/A
esb-pcgrad-rho5_lag3-d304-m3011,tanh,rho5_lag3,pcgrad,PCGrad-style shadow-target rescue,304,3011,-0.0001401116605848074,-0.0001401116605848074,-5.0298233040368956e-05,finite,5.0204763412475586,11.880179242743178,1.5515543222427368,1.1953840659931299,0.1528390645980835,available,1,1,0,0.1590903103351593,1.6666541548316713,384499712,17152,N/A
esb-pcgrad-rho5_lag3-d304-m3012,tanh,rho5_lag3,pcgrad,PCGrad-style shadow-target rescue,304,3012,0.0013231146614998577,-0.0013231146614998577,0.0001032129919869007,finite,5.0714988708496094,12.101189005188644,1.5640676021575928,1.1873232323676355,0.1492387056350708,available,1,1,0,0.16896885633468628,1.6695001381166179,383270912,17152,N/A
esb-pcgrad-rho5_lag3-d304-m3013,tanh,rho5_lag3,pcgrad,PCGrad-style shadow-target rescue,304,3013,-0.00081065148115158083,-0.00081065148115158083,-4.0794009668054798e-06,finite,5.2744235992431641,11.373748697247358,1.4122121334075928,0.63122720383107733,0.014926671981811523,available,1,1,0,0.1432955414056778,1.6603320154894936,387792896,17152,N/A
esb-pcgrad-rho5_lag3-d304-m3014,tanh,rho5_lag3,pcgrad,PCGrad-style shadow-target rescue,304,3014,-0.00024655421730130912,-0.00024655421730130912,4.2912954942408987e-05,finite,4.9948763847351074,11.702007499989122,1.5021626949310303,0.94814625810831821,0.10176718235015869,available,1,1,0,0.14498069882392883,1.6820508510837227,403046400,17152,N/A
esb-pcgrad-rho5_lag3-d304-m3015,tanh,rho5_lag3,pcgrad,PCGrad-style shadow-target rescue,304,3015,0.000262682419270277,-0.000262682419270277,-6.6051780093889789e-05,finite,5.2882308959960938,11.892241704091429,1.4955394268035889,0.96069202236830975,0.077951431274414062,available,1,1,0,0.16169987618923187,1.6917152316662165,395132928,17152,N/A
esb-pcgrad-rho5_lag3-d304-m3016,tanh,rho5_lag3,pcgrad,PCGrad-style shadow-target rescue,304,3016,4.7940987860783956e-05,-4.7940987860783956e-05,0.00012650707707440034,finite,4.8635444641113281,12.031728299846872,1.6036056280136108,1.2061077479273088,0.19395363330841064,available,1,1,0,0.1618000715970993,1.702911499567185,386695168,17152,N/A
esb-pcgrad-rho5_lag3-d304-m3017,tanh,rho5_lag3,pcgrad,PCGrad-style shadow-target rescue,304,3017,-0.00045232111588120453,-0.00045232111588120453,9.9677043067014637e-05,finite,4.9223933219909668,12.06112330565229,1.5840234756469727,1.2369463538750995,0.16825389862060547,available,1,1,0,0.16227081418037415,1.6516754157716298,403226624,17152,N/A
